"author/affiliatesHighlightedLabel/label/badge/url","author/affiliatesHighlightedLabel/label/description","author/affiliatesHighlightedLabel/label/url/urlType","author/affiliatesHighlightedLabel/label/userLabelDisplayType","author/canDm","author/coverPicture","author/description","author/entities/description/urls/0/display_url","author/entities/description/urls/0/expanded_url","author/entities/description/urls/0/indices/1","author/entities/description/urls/0/url","author/entities/description/urls/1/display_url","author/entities/description/urls/1/indices/1","author/entities/description/urls/1/url","author/entities/description/urls/2/expanded_url","author/entities/description/urls/2/indices/0","author/entities/description/urls/2/indices/1","author/entities/description/urls/2/url","author/entities/url/urls/0/indices/0","author/entities/url/urls/0/indices/1","author/entities/url/urls/0/url","author/favouritesCount","author/followers","author/following","author/id","author/isTranslator","author/isVerified","author/location","author/mediaCount","author/name","author/profilePicture","author/status","author/twitterUrl","author/url","author/userName","text","likeCount"
,,,,"true","https://pbs.twimg.com/profile_banners/3510729917/1708604708","A full-stack web scraping and browser automation platform. 🛒 https://t.co/5bckPbfUDz 🌟 https://t.co/rRKDDTr71D 📺 https://t.co/2nSklDztMo","apify.com/store","https://apify.com/store","84","https://t.co/5bckPbfUDz","github.com/apify/crawlee","110","https://t.co/rRKDDTr71D","http://youtube.com/apify","113","136","https://t.co/2nSklDztMo","0","23","https://t.co/VWktFqWjsp","682","2623","215","3510729917","false","true","The Interwebz","400","Apify","https://pbs.twimg.com/profile_images/1760641872010080256/UiVECDi9_normal.jpg","","https://twitter.com/apify","https://x.com/apify","apify","Crawlee has surpassed 10,000 stars on GitHub! 🚀 We are thrilled to see it helping so many developers simplify their web scraping and web crawling workflows 🤖 And if you haven't already, give Crawlee a try (and maybe even a ⭐️) at the link below 😉
🔗 https://t.co/TKPkQZb6Jl https://t.co/0NGP75lIXe","16"
"https://pbs.twimg.com/profile_images/1683899100922511378/5lY42eHs_bigger.jpg","X","DeepLink","Badge","false","https://pbs.twimg.com/profile_banners/44196397/1690621312","",,,,,,,,,,,,,,,"56309","187906058","637","44196397","false","true","","2261","Elon Musk","https://pbs.twimg.com/profile_images/1780044485541699584/p78MCn3B_normal.jpg","","https://twitter.com/elonmusk","https://x.com/elonmusk","elonmusk","@benkohlmann Yeah","460"
"https://pbs.twimg.com/profile_images/1683899100922511378/5lY42eHs_bigger.jpg","X","DeepLink","Badge","false","https://pbs.twimg.com/profile_banners/44196397/1690621312","",,,,,,,,,,,,,,,"56309","187906058","637","44196397","false","true","","2261","Elon Musk","https://pbs.twimg.com/profile_images/1780044485541699584/p78MCn3B_normal.jpg","","https://twitter.com/elonmusk","https://x.com/elonmusk","elonmusk","@Rainmaker1973 Ouch 🤣🤣","1219"
"https://pbs.twimg.com/profile_images/1683899100922511378/5lY42eHs_bigger.jpg","X","DeepLink","Badge","false","https://pbs.twimg.com/profile_banners/44196397/1690621312","",,,,,,,,,,,,,,,"56309","187906058","637","44196397","false","true","","2261","Elon Musk","https://pbs.twimg.com/profile_images/1780044485541699584/p78MCn3B_normal.jpg","","https://twitter.com/elonmusk","https://x.com/elonmusk","elonmusk","@VivekGRamaswamy Yeah","3299"
"https://pbs.twimg.com/profile_images/1683899100922511378/5lY42eHs_bigger.jpg","X","DeepLink","Badge","false","https://pbs.twimg.com/profile_banners/44196397/1690621312","",,,,,,,,,,,,,,,"56309","187906058","637","44196397","false","true","","2261","Elon Musk","https://pbs.twimg.com/profile_images/1780044485541699584/p78MCn3B_normal.jpg","","https://twitter.com/elonmusk","https://x.com/elonmusk","elonmusk","@MikeBenzCyber One of the funniest SNL sketches ever 🤣","1009"
"https://pbs.twimg.com/profile_images/1683899100922511378/5lY42eHs_bigger.jpg","X","DeepLink","Badge","false","https://pbs.twimg.com/profile_banners/44196397/1690621312","",,,,,,,,,,,,,,,"56309","187906058","637","44196397","false","true","","2261","Elon Musk","https://pbs.twimg.com/profile_images/1780044485541699584/p78MCn3B_normal.jpg","","https://twitter.com/elonmusk","https://x.com/elonmusk","elonmusk","@mazemoore @Craig_A_Spencer Exactly","799"
"https://pbs.twimg.com/profile_images/1683899100922511378/5lY42eHs_bigger.jpg","X","DeepLink","Badge","false","https://pbs.twimg.com/profile_banners/44196397/1690621312","",,,,,,,,,,,,,,,"56309","187906058","637","44196397","false","true","","2261","Elon Musk","https://pbs.twimg.com/profile_images/1780044485541699584/p78MCn3B_normal.jpg","","https://twitter.com/elonmusk","https://x.com/elonmusk","elonmusk","@Craig_A_Spencer @XSpaces Answer my question","833"
"https://pbs.twimg.com/profile_images/1683899100922511378/5lY42eHs_bigger.jpg","X","DeepLink","Badge","false","https://pbs.twimg.com/profile_banners/44196397/1690621312","",,,,,,,,,,,,,,,"56309","187906058","637","44196397","false","true","","2261","Elon Musk","https://pbs.twimg.com/profile_images/1780044485541699584/p78MCn3B_normal.jpg","","https://twitter.com/elonmusk","https://x.com/elonmusk","elonmusk","@alex_avoigt We would be nothing without our fans","2630"
"https://pbs.twimg.com/profile_images/1683899100922511378/5lY42eHs_bigger.jpg","X","DeepLink","Badge","false","https://pbs.twimg.com/profile_banners/44196397/1690621312","",,,,,,,,,,,,,,,"56309","187906058","637","44196397","false","true","","2261","Elon Musk","https://pbs.twimg.com/profile_images/1780044485541699584/p78MCn3B_normal.jpg","","https://twitter.com/elonmusk","https://x.com/elonmusk","elonmusk","@shaunmmaguire The Biden administration is utterly controlled by the unions at the expense of the American people","2351"
"https://pbs.twimg.com/profile_images/1683899100922511378/5lY42eHs_bigger.jpg","X","DeepLink","Badge","false","https://pbs.twimg.com/profile_banners/44196397/1690621312","",,,,,,,,,,,,,,,"56309","187906058","637","44196397","false","true","","2261","Elon Musk","https://pbs.twimg.com/profile_images/1780044485541699584/p78MCn3B_normal.jpg","","https://twitter.com/elonmusk","https://x.com/elonmusk","elonmusk","@ryanjaycowan Interesting","743"
"https://pbs.twimg.com/profile_images/1683899100922511378/5lY42eHs_bigger.jpg","X","DeepLink","Badge","false","https://pbs.twimg.com/profile_banners/44196397/1690621312","",,,,,,,,,,,,,,,"56309","187906058","637","44196397","false","true","","2261","Elon Musk","https://pbs.twimg.com/profile_images/1780044485541699584/p78MCn3B_normal.jpg","","https://twitter.com/elonmusk","https://x.com/elonmusk","elonmusk","@dogeofficialceo 😂","765"
"https://pbs.twimg.com/profile_images/1683899100922511378/5lY42eHs_bigger.jpg","X","DeepLink","Badge","false","https://pbs.twimg.com/profile_banners/44196397/1690621312","",,,,,,,,,,,,,,,"56309","187906058","637","44196397","false","true","","2261","Elon Musk","https://pbs.twimg.com/profile_images/1780044485541699584/p78MCn3B_normal.jpg","","https://twitter.com/elonmusk","https://x.com/elonmusk","elonmusk","@JTLonsdale Exactly","1400"
"https://pbs.twimg.com/profile_images/1683899100922511378/5lY42eHs_bigger.jpg","X","DeepLink","Badge","false","https://pbs.twimg.com/profile_banners/44196397/1690621312","",,,,,,,,,,,,,,,"56309","187906058","637","44196397","false","true","","2261","Elon Musk","https://pbs.twimg.com/profile_images/1780044485541699584/p78MCn3B_normal.jpg","","https://twitter.com/elonmusk","https://x.com/elonmusk","elonmusk","@abidlabs 😂","518"
"https://pbs.twimg.com/profile_images/1683899100922511378/5lY42eHs_bigger.jpg","X","DeepLink","Badge","false","https://pbs.twimg.com/profile_banners/44196397/1690621312","",,,,,,,,,,,,,,,"56309","187906058","637","44196397","false","true","","2261","Elon Musk","https://pbs.twimg.com/profile_images/1780044485541699584/p78MCn3B_normal.jpg","","https://twitter.com/elonmusk","https://x.com/elonmusk","elonmusk","@WholeMarsBlog Yeah","1500"
"https://pbs.twimg.com/profile_images/1683899100922511378/5lY42eHs_bigger.jpg","X","DeepLink","Badge","false","https://pbs.twimg.com/profile_banners/44196397/1690621312","",,,,,,,,,,,,,,,"56309","187906058","637","44196397","false","true","","2261","Elon Musk","https://pbs.twimg.com/profile_images/1780044485541699584/p78MCn3B_normal.jpg","","https://twitter.com/elonmusk","https://x.com/elonmusk","elonmusk","@darren_stallcup !!","1354"
"https://pbs.twimg.com/profile_images/1683899100922511378/5lY42eHs_bigger.jpg","X","DeepLink","Badge","false","https://pbs.twimg.com/profile_banners/44196397/1690621312","",,,,,,,,,,,,,,,"56309","187906156","637","44196397","false","true","","2261","Elon Musk","https://pbs.twimg.com/profile_images/1780044485541699584/p78MCn3B_normal.jpg","","https://twitter.com/elonmusk","https://x.com/elonmusk","elonmusk","@cb_doge Very much so","1340"
"https://pbs.twimg.com/profile_images/1683899100922511378/5lY42eHs_bigger.jpg","X","DeepLink","Badge","false","https://pbs.twimg.com/profile_banners/44196397/1690621312","",,,,,,,,,,,,,,,"56309","187906156","637","44196397","false","true","","2261","Elon Musk","https://pbs.twimg.com/profile_images/1780044485541699584/p78MCn3B_normal.jpg","","https://twitter.com/elonmusk","https://x.com/elonmusk","elonmusk","@iam_smx Yes","827"
"https://pbs.twimg.com/profile_images/1683899100922511378/5lY42eHs_bigger.jpg","X","DeepLink","Badge","false","https://pbs.twimg.com/profile_banners/44196397/1690621312","",,,,,,,,,,,,,,,"56309","187906156","637","44196397","false","true","","2261","Elon Musk","https://pbs.twimg.com/profile_images/1780044485541699584/p78MCn3B_normal.jpg","","https://twitter.com/elonmusk","https://x.com/elonmusk","elonmusk","@Charalanahzard True","773"
,,,,"true","https://pbs.twimg.com/profile_banners/3510729917/1708604708","A full-stack web scraping and browser automation platform. 🛒 https://t.co/5bckPbfUDz 🌟 https://t.co/rRKDDTr71D 📺 https://t.co/2nSklDztMo","apify.com/store","https://apify.com/store","84","https://t.co/5bckPbfUDz","github.com/apify/crawlee","110","https://t.co/rRKDDTr71D","http://youtube.com/apify","113","136","https://t.co/2nSklDztMo","0","23","https://t.co/VWktFqWjsp","682","2623","215","3510729917","false","true","The Interwebz","400","Apify","https://pbs.twimg.com/profile_images/1760641872010080256/UiVECDi9_normal.jpg","","https://twitter.com/apify","https://x.com/apify","apify","Open-source REST API for scraping websites 🤩

Have you tried our cheaper alternative to other web scraping platforms? Just send a URL and receive fully-rendered HTML content 🚀

Explore SuperScraper API now on Apify Store 👇

🔗 https://t.co/MSnLelWsys https://t.co/kP2vPluudU","0"
,,,,"true","https://pbs.twimg.com/profile_banners/3510729917/1708604708","A full-stack web scraping and browser automation platform. 🛒 https://t.co/5bckPbfUDz 🌟 https://t.co/rRKDDTr71D 📺 https://t.co/2nSklDztMo","apify.com/store","https://apify.com/store","84","https://t.co/5bckPbfUDz","github.com/apify/crawlee","110","https://t.co/rRKDDTr71D","http://youtube.com/apify","113","136","https://t.co/2nSklDztMo","0","23","https://t.co/VWktFqWjsp","682","2623","215","3510729917","false","true","The Interwebz","400","Apify","https://pbs.twimg.com/profile_images/1760641872010080256/UiVECDi9_normal.jpg","","https://twitter.com/apify","https://x.com/apify","apify","RT @rafal_makes: @Shpigford try Apify, its basically a platform for building scrapers and has a ton of community wrappers built for specifi…","48"
,,,,"true","https://pbs.twimg.com/profile_banners/3510729917/1708604708","A full-stack web scraping and browser automation platform. 🛒 https://t.co/5bckPbfUDz 🌟 https://t.co/rRKDDTr71D 📺 https://t.co/2nSklDztMo","apify.com/store","https://apify.com/store","84","https://t.co/5bckPbfUDz","github.com/apify/crawlee","110","https://t.co/rRKDDTr71D","http://youtube.com/apify","113","136","https://t.co/2nSklDztMo","0","23","https://t.co/VWktFqWjsp","682","2623","215","3510729917","false","true","The Interwebz","400","Apify","https://pbs.twimg.com/profile_images/1760641872010080256/UiVECDi9_normal.jpg","","https://twitter.com/apify","https://x.com/apify","apify","Want to scrape and monitor accommodation prices on Booking? 🤔

Booking Scraper on Apify Store allows you to extract data based on your destination or a specific search URL 🔎 

Watch our new step-by-step video guide on how to set up the Actor 👇
https://t.co/k14dodpKy6","2"
,,,,"true","https://pbs.twimg.com/profile_banners/3510729917/1708604708","A full-stack web scraping and browser automation platform. 🛒 https://t.co/5bckPbfUDz 🌟 https://t.co/rRKDDTr71D 📺 https://t.co/2nSklDztMo","apify.com/store","https://apify.com/store","84","https://t.co/5bckPbfUDz","github.com/apify/crawlee","110","https://t.co/rRKDDTr71D","http://youtube.com/apify","113","136","https://t.co/2nSklDztMo","0","23","https://t.co/VWktFqWjsp","682","2623","215","3510729917","false","true","The Interwebz","400","Apify","https://pbs.twimg.com/profile_images/1760641872010080256/UiVECDi9_normal.jpg","","https://twitter.com/apify","https://x.com/apify","apify","Missed our Crawlee 101 webinar on Wednesday? 🤔 

No worries! 

You can catch up with the recording of the online event on our YouTube channel 👇
https://t.co/cWUZDkdBpA","3"
,,,,"true","https://pbs.twimg.com/profile_banners/3510729917/1708604708","A full-stack web scraping and browser automation platform. 🛒 https://t.co/5bckPbfUDz 🌟 https://t.co/rRKDDTr71D 📺 https://t.co/2nSklDztMo","apify.com/store","https://apify.com/store","84","https://t.co/5bckPbfUDz","github.com/apify/crawlee","110","https://t.co/rRKDDTr71D","http://youtube.com/apify","113","136","https://t.co/2nSklDztMo","0","23","https://t.co/VWktFqWjsp","682","2623","215","3510729917","false","true","The Interwebz","400","Apify","https://pbs.twimg.com/profile_images/1760641872010080256/UiVECDi9_normal.jpg","","https://twitter.com/apify","https://x.com/apify","apify","The winners of this giveaway are: 🥁

@CodesChrissy
@KlausCodes
@saranyanambiarr

Please join our Discord server (https://t.co/wHARr7fJxM) and DM our Developer Community Manager, Saurav, to claim your prize. 🎊

Stay tuned for the next one!

https://t.co/P3LLQL740g","4"
,,,,"true","https://pbs.twimg.com/profile_banners/3510729917/1708604708","A full-stack web scraping and browser automation platform. 🛒 https://t.co/5bckPbfUDz 🌟 https://t.co/rRKDDTr71D 📺 https://t.co/2nSklDztMo","apify.com/store","https://apify.com/store","84","https://t.co/5bckPbfUDz","github.com/apify/crawlee","110","https://t.co/rRKDDTr71D","http://youtube.com/apify","113","136","https://t.co/2nSklDztMo","0","23","https://t.co/VWktFqWjsp","682","2623","215","3510729917","false","true","The Interwebz","400","Apify","https://pbs.twimg.com/profile_images/1760641872010080256/UiVECDi9_normal.jpg","","https://twitter.com/apify","https://x.com/apify","apify","Here in Prague, where a good restaurant is around every corner, coordinating lunches became challenging as the company grew. So, in the quiet days of Christmas 2020, 🥡 Lunchbot was created. 

More examples of how we use Apify here 👇

🔗 https://t.co/oZWYnbcHit https://t.co/NaGmlDnNky","2"
,,,,"true","https://pbs.twimg.com/profile_banners/3510729917/1708604708","A full-stack web scraping and browser automation platform. 🛒 https://t.co/5bckPbfUDz 🌟 https://t.co/rRKDDTr71D 📺 https://t.co/2nSklDztMo","apify.com/store","https://apify.com/store","84","https://t.co/5bckPbfUDz","github.com/apify/crawlee","110","https://t.co/rRKDDTr71D","http://youtube.com/apify","113","136","https://t.co/2nSklDztMo","0","23","https://t.co/VWktFqWjsp","682","2623","215","3510729917","false","true","The Interwebz","400","Apify","https://pbs.twimg.com/profile_images/1760641872010080256/UiVECDi9_normal.jpg","","https://twitter.com/apify","https://x.com/apify","apify","❗️Our Getting Started with Crawlee webinar is going live in an hour❗️

 You can register via the link below or join the recording directly on our YouTube channel 🤖

Registration link 👉 https://t.co/ftT3CHG0Wr
YouTube live stream 👉 https://t.co/wkhCtRUvVP","3"
,,,,"true","https://pbs.twimg.com/profile_banners/3510729917/1708604708","A full-stack web scraping and browser automation platform. 🛒 https://t.co/5bckPbfUDz 🌟 https://t.co/rRKDDTr71D 📺 https://t.co/2nSklDztMo","apify.com/store","https://apify.com/store","84","https://t.co/5bckPbfUDz","github.com/apify/crawlee","110","https://t.co/rRKDDTr71D","http://youtube.com/apify","113","136","https://t.co/2nSklDztMo","0","23","https://t.co/VWktFqWjsp","682","2623","215","3510729917","false","true","The Interwebz","400","Apify","https://pbs.twimg.com/profile_images/1760641872010080256/UiVECDi9_normal.jpg","","https://twitter.com/apify","https://x.com/apify","apify","New to Apify Console? 🧑‍💻

With our new Getting Started video guide, you can learn how to set up an Actor, schedule its run, and integrate it with other platforms 🧩

Watch the 4-part demo on our YouTube channel 👇
https://t.co/HTXlMdyvaC","3"
,,,,"true","https://pbs.twimg.com/profile_banners/3510729917/1708604708","A full-stack web scraping and browser automation platform. 🛒 https://t.co/5bckPbfUDz 🌟 https://t.co/rRKDDTr71D 📺 https://t.co/2nSklDztMo","apify.com/store","https://apify.com/store","84","https://t.co/5bckPbfUDz","github.com/apify/crawlee","110","https://t.co/rRKDDTr71D","http://youtube.com/apify","113","136","https://t.co/2nSklDztMo","0","23","https://t.co/VWktFqWjsp","682","2623","215","3510729917","false","true","The Interwebz","400","Apify","https://pbs.twimg.com/profile_images/1760641872010080256/UiVECDi9_normal.jpg","","https://twitter.com/apify","https://x.com/apify","apify","RT @jancurn: Exciting news! @apify is now an official partner of @pinecone, the leading vector database provider. Thanks to our new integra…","9"
,,,,"true","https://pbs.twimg.com/profile_banners/3510729917/1708604708","A full-stack web scraping and browser automation platform. 🛒 https://t.co/5bckPbfUDz 🌟 https://t.co/rRKDDTr71D 📺 https://t.co/2nSklDztMo","apify.com/store","https://apify.com/store","84","https://t.co/5bckPbfUDz","github.com/apify/crawlee","110","https://t.co/rRKDDTr71D","http://youtube.com/apify","113","136","https://t.co/2nSklDztMo","0","23","https://t.co/VWktFqWjsp","682","2623","215","3510729917","false","true","The Interwebz","400","Apify","https://pbs.twimg.com/profile_images/1760641872010080256/UiVECDi9_normal.jpg","","https://twitter.com/apify","https://x.com/apify","apify","Anyone can build their own GPTs with ChatGPT-4o 🤖

This step-by-step guide shows you how to do it, including how to collect web data and upload it to your GPT's knowledge 🧠
https://t.co/DzJsKl9GDA","5"
,,,,"true","https://pbs.twimg.com/profile_banners/3510729917/1708604708","A full-stack web scraping and browser automation platform. 🛒 https://t.co/5bckPbfUDz 🌟 https://t.co/rRKDDTr71D 📺 https://t.co/2nSklDztMo","apify.com/store","https://apify.com/store","84","https://t.co/5bckPbfUDz","github.com/apify/crawlee","110","https://t.co/rRKDDTr71D","http://youtube.com/apify","113","136","https://t.co/2nSklDztMo","0","23","https://t.co/VWktFqWjsp","682","2623","215","3510729917","false","true","The Interwebz","400","Apify","https://pbs.twimg.com/profile_images/1760641872010080256/UiVECDi9_normal.jpg","","https://twitter.com/apify","https://x.com/apify","apify","Getting started with Crawlee? 🧑‍💻

Join our webinar on June 12th at 9 AM EST and learn how to scrape any website using Crawlee in JavaScript/TypeScript 🤖

Make sure to register via the link below! 👇
https://t.co/01vNOkDKz2","1"
,,,,"true","https://pbs.twimg.com/profile_banners/3510729917/1708604708","A full-stack web scraping and browser automation platform. 🛒 https://t.co/5bckPbfUDz 🌟 https://t.co/rRKDDTr71D 📺 https://t.co/2nSklDztMo","apify.com/store","https://apify.com/store","84","https://t.co/5bckPbfUDz","github.com/apify/crawlee","110","https://t.co/rRKDDTr71D","http://youtube.com/apify","113","136","https://t.co/2nSklDztMo","0","23","https://t.co/VWktFqWjsp","682","2623","215","3510729917","false","true","The Interwebz","400","Apify","https://pbs.twimg.com/profile_images/1760641872010080256/UiVECDi9_normal.jpg","","https://twitter.com/apify","https://x.com/apify","apify","We're Apify, and we make the web more programmable 🧑‍💻

Check out our brand-new promo and see how you can utilize the Apify platform for your use case 🤖
https://t.co/F9QBikt408","5"
,,,,"true","https://pbs.twimg.com/profile_banners/3510729917/1708604708","A full-stack web scraping and browser automation platform. 🛒 https://t.co/5bckPbfUDz 🌟 https://t.co/rRKDDTr71D 📺 https://t.co/2nSklDztMo","apify.com/store","https://apify.com/store","84","https://t.co/5bckPbfUDz","github.com/apify/crawlee","110","https://t.co/rRKDDTr71D","http://youtube.com/apify","113","136","https://t.co/2nSklDztMo","0","23","https://t.co/VWktFqWjsp","682","2623","215","3510729917","false","true","The Interwebz","400","Apify","https://pbs.twimg.com/profile_images/1760641872010080256/UiVECDi9_normal.jpg","","https://twitter.com/apify","https://x.com/apify","apify","RT @jancurn: Attending @webexpo? Join me on Thu at 5pm in Lucerna Cinema to learn how to scrape websites, clean the HTML, and convert it to…","1"
,,,,"true","https://pbs.twimg.com/profile_banners/3510729917/1708604708","A full-stack web scraping and browser automation platform. 🛒 https://t.co/5bckPbfUDz 🌟 https://t.co/rRKDDTr71D 📺 https://t.co/2nSklDztMo","apify.com/store","https://apify.com/store","84","https://t.co/5bckPbfUDz","github.com/apify/crawlee","110","https://t.co/rRKDDTr71D","http://youtube.com/apify","113","136","https://t.co/2nSklDztMo","0","23","https://t.co/VWktFqWjsp","682","2623","215","3510729917","false","true","The Interwebz","400","Apify","https://pbs.twimg.com/profile_images/1760641872010080256/UiVECDi9_normal.jpg","","https://twitter.com/apify","https://x.com/apify","apify","RT @regularsteven: I built this poster in CSS from website html. Did this for 70 different presenters in a variety of resolutions and aspec…","8"
,,,,"true","https://pbs.twimg.com/profile_banners/3510729917/1708604708","A full-stack web scraping and browser automation platform. 🛒 https://t.co/5bckPbfUDz 🌟 https://t.co/rRKDDTr71D 📺 https://t.co/2nSklDztMo","apify.com/store","https://apify.com/store","84","https://t.co/5bckPbfUDz","github.com/apify/crawlee","110","https://t.co/rRKDDTr71D","http://youtube.com/apify","113","136","https://t.co/2nSklDztMo","0","23","https://t.co/VWktFqWjsp","682","2623","215","3510729917","false","true","The Interwebz","400","Apify","https://pbs.twimg.com/profile_images/1760641872010080256/UiVECDi9_normal.jpg","","https://twitter.com/apify","https://x.com/apify","apify","Webtap joins the growing number of AI tools that use Apify in their backend 🚀 

Read more about the reception of the tool and future features in a blog by its creator @stefanopochet 👇
https://t.co/Ap8QuWVzN2","4"
,,,,"true","https://pbs.twimg.com/profile_banners/3510729917/1708604708","A full-stack web scraping and browser automation platform. 🛒 https://t.co/5bckPbfUDz 🌟 https://t.co/rRKDDTr71D 📺 https://t.co/2nSklDztMo","apify.com/store","https://apify.com/store","84","https://t.co/5bckPbfUDz","github.com/apify/crawlee","110","https://t.co/rRKDDTr71D","http://youtube.com/apify","113","136","https://t.co/2nSklDztMo","0","23","https://t.co/VWktFqWjsp","682","2623","215","3510729917","false","true","The Interwebz","400","Apify","https://pbs.twimg.com/profile_images/1760641872010080256/UiVECDi9_normal.jpg","","https://twitter.com/apify","https://x.com/apify","apify","Should you code with ChatGPT? 🤖 

Here are 8 ways you can use ChatGPT for coding, from data visualization to web scraping, based on real examples 👇
https://t.co/EXWmjAyQMz","6"
,,,,"true","https://pbs.twimg.com/profile_banners/3510729917/1708604708","A full-stack web scraping and browser automation platform. 🛒 https://t.co/5bckPbfUDz 🌟 https://t.co/rRKDDTr71D 📺 https://t.co/2nSklDztMo","apify.com/store","https://apify.com/store","84","https://t.co/5bckPbfUDz","github.com/apify/crawlee","110","https://t.co/rRKDDTr71D","http://youtube.com/apify","113","136","https://t.co/2nSklDztMo","0","23","https://t.co/VWktFqWjsp","682","2623","215","3510729917","false","true","The Interwebz","400","Apify","https://pbs.twimg.com/profile_images/1760641872010080256/UiVECDi9_normal.jpg","","https://twitter.com/apify","https://x.com/apify","apify","12,500+ Stars on @GitHub ⭐️

We are giving away 3 Crawlee shirts to celebrate this milestone 🎉

Rules:

- Follow @apify ✅
- Retweet this tweet 🔁
- Star us at: https://t.co/Hmlrsm2qzi 🌟
- Reply with your GitHub username 👇

🗓️ Deadline: 7th June 2024 https://t.co/YMNYJNM4GY","81"
,,,,"true","https://pbs.twimg.com/profile_banners/3510729917/1708604708","A full-stack web scraping and browser automation platform. 🛒 https://t.co/5bckPbfUDz 🌟 https://t.co/rRKDDTr71D 📺 https://t.co/2nSklDztMo","apify.com/store","https://apify.com/store","84","https://t.co/5bckPbfUDz","github.com/apify/crawlee","110","https://t.co/rRKDDTr71D","http://youtube.com/apify","113","136","https://t.co/2nSklDztMo","0","23","https://t.co/VWktFqWjsp","682","2623","215","3510729917","false","true","The Interwebz","400","Apify","https://pbs.twimg.com/profile_images/1760641872010080256/UiVECDi9_normal.jpg","","https://twitter.com/apify","https://x.com/apify","apify","Having already shown you how to scrape HTML tables with Pandas, it's time to demonstrate how you can visualize that data with Matplotlib 📊 

This tutorial covers bar charts, scatter plots, and violin plots 👇 
https://t.co/dfyaOe5Hx6","4"
,,,,"true","https://pbs.twimg.com/profile_banners/3510729917/1708604708","A full-stack web scraping and browser automation platform. 🛒 https://t.co/5bckPbfUDz 🌟 https://t.co/rRKDDTr71D 📺 https://t.co/2nSklDztMo","apify.com/store","https://apify.com/store","84","https://t.co/5bckPbfUDz","github.com/apify/crawlee","110","https://t.co/rRKDDTr71D","http://youtube.com/apify","113","136","https://t.co/2nSklDztMo","0","23","https://t.co/VWktFqWjsp","682","2623","215","3510729917","false","true","The Interwebz","400","Apify","https://pbs.twimg.com/profile_images/1760641872010080256/UiVECDi9_normal.jpg","","https://twitter.com/apify","https://x.com/apify","apify","RT @theAIsailor: @yoheinakajima My stack

Agent Framework - Lyzr (https://t.co/ZF4AQl59vW) @lyzrai 
App Framework - Streamlit @streamlit 
V…","10"
,,,,"true","https://pbs.twimg.com/profile_banners/3510729917/1708604708","A full-stack web scraping and browser automation platform. 🛒 https://t.co/5bckPbfUDz 🌟 https://t.co/rRKDDTr71D 📺 https://t.co/2nSklDztMo","apify.com/store","https://apify.com/store","84","https://t.co/5bckPbfUDz","github.com/apify/crawlee","110","https://t.co/rRKDDTr71D","http://youtube.com/apify","113","136","https://t.co/2nSklDztMo","0","23","https://t.co/VWktFqWjsp","682","2623","215","3510729917","false","true","The Interwebz","400","Apify","https://pbs.twimg.com/profile_images/1760641872010080256/UiVECDi9_normal.jpg","","https://twitter.com/apify","https://x.com/apify","apify","Our Senior Engineer Josef Válek gave a talk about our tech stack at April's PragueJS 🎤 

In the talk, Pepa shared how we develop, test, and maintain our platform ⚙ 

Watch the full recording at the link below 👇

https://t.co/CDudvSHhkT","5"
,,,,"false","https://pbs.twimg.com/profile_banners/22908286/1718356645","#Denodo is the leader in #datamanagement – providing unmatched performance, unified access to the range of enterprise, #bigdata, #cloud and unstructured sources",,,,,,,,,,,,"0","23","https://t.co/h4ZXcpvYmR","10969","5625","6041","22908286","false","true","Palo Alto, CA","10225","Denodo","https://pbs.twimg.com/profile_images/1369575102522793985/6jQgl3TY_normal.jpg","","https://twitter.com/denodo","https://x.com/denodo","denodo","We are 1 week left! The #DenodoDataDay is a premier event in Germany that redefines the way you perceive and leverage data in the business landscape.

We're thrilled to announce Markus Grüneis from @ING_news as a speaker! Markus brings a wealth of knowledge and experience in #datamanagement and we can't wait to welcome him on stage. 🚀

Have you checked the agenda yet? Don't miss out, and save your spot now: https://t.co/WX7KRulmai. See you in Frankfurt! #DataStrategy #DataAnalytics #AI #FearlessData #DataFabric #DenodoPlatform #GenerativeAI","1"
,,,,"false","https://pbs.twimg.com/profile_banners/22908286/1718356645","#Denodo is the leader in #datamanagement – providing unmatched performance, unified access to the range of enterprise, #bigdata, #cloud and unstructured sources",,,,,,,,,,,,"0","23","https://t.co/h4ZXcpvYmR","10969","5625","6041","22908286","false","true","Palo Alto, CA","10225","Denodo","https://pbs.twimg.com/profile_images/1369575102522793985/6jQgl3TY_normal.jpg","","https://twitter.com/denodo","https://x.com/denodo","denodo","At #Denodo, we value human connection and the close leadership of our CEO, Angel Viña. 🌟 These images capture special moments that go beyond the professional realm, showing the true essence of the #Denodocommunity. 🌍

From exciting sports events to important conferences and meetings around the world, Angel consistently demonstrates his commitment to every team member. He not only leads us in innovation in the #data field but also creates an environment where every employee feels valued and connected. 🤝

Together, we continue to drive innovation and achieve great success. 🚀

#HumanLeadership #DenodoCulture #Innovation #Teamwork #Inspiration #FearlessData #DataManagement","1"
,,,,"false","https://pbs.twimg.com/profile_banners/22908286/1718356645","#Denodo is the leader in #datamanagement – providing unmatched performance, unified access to the range of enterprise, #bigdata, #cloud and unstructured sources",,,,,,,,,,,,"0","23","https://t.co/h4ZXcpvYmR","10969","5625","6041","22908286","false","true","Palo Alto, CA","10225","Denodo","https://pbs.twimg.com/profile_images/1369575102522793985/6jQgl3TY_normal.jpg","","https://twitter.com/denodo","https://x.com/denodo","denodo","#Denodo, the leader in #datamanagement, announced it has been named a Customers’ Choice by @Gartner_inc Peer Insights™ in the Voice of the Customer report for #DataIntegration Tools. Read the details in this article by @ITDigestmag! #GartnerPeerInsights https://t.co/jlFdPjAcpq","0"
,,,,"true","https://pbs.twimg.com/profile_banners/75079616/1619195886","Automations for business and home. Connect to 900+ of your favorite apps and services. 

Get started: https://t.co/p9vnrjhyyI
Get support: https://t.co/hXsOzH7yNP","ifttt.com/join","http://ifttt.com/join","125","https://t.co/p9vnrjhyyI","help.ifttt.com","162","https://t.co/hXsOzH7yNP",,,,,"0","23","https://t.co/cQEQwaAT7n","5636","153498","482","75079616","false","false","San Francisco, CA","2585","IFTTT","https://pbs.twimg.com/profile_images/1493350091368718337/6v_nbYpO_normal.jpg","","https://twitter.com/IFTTT","https://x.com/IFTTT","IFTTT","Don’t miss an amazing tweet from your favorite user! 💬 Get an email when there’s a new tweet from a specific username. https://t.co/9J7GSgich9","1"
,,,,"false","https://pbs.twimg.com/profile_banners/85385094/1644509773","Covering the latest in Content, Document and Knowledge Management.",,,,,,,,,,,,"0","23","https://t.co/0Thwh2NxQ6","82","4352","1155","85385094","false","false","","2271","KMWorld Magazine","https://pbs.twimg.com/profile_images/1279876739/KMWlogo_Stacked__normal.jpg","","https://twitter.com/KMWorldMagazine","https://x.com/KMWorldMagazine","KMWorldMagazine","Zeta Global supercharges its marketing platform with AI-based AWS collaboration https://t.co/dZeBt5xZsh","0"
,,,,"false","https://pbs.twimg.com/profile_banners/114288615/1498010059","Senior Data Scientist @ofcom Ex @medialab @unicefinnovate @unglobalpulse Data, Networks, Future of Work, Privacy, Epidemics",,,,,,,,,,,,"0","23","https://t.co/kkIO3tCtCj","2760","990","951","114288615","false","false","London","299","Alex Rutherford","https://pbs.twimg.com/profile_images/920708686884073472/nRmO94la_normal.jpg","","https://twitter.com/arutherfordium","https://x.com/arutherfordium","arutherfordium","This is amazing

""Everyone is talking about Retrieval Augmented Generation, but most companies don't actually have any internal documentation worth retrieving""","0"
,,,,"true","https://pbs.twimg.com/profile_banners/75079616/1619195886","Automations for business and home. Connect to 900+ of your favorite apps and services. 

Get started: https://t.co/p9vnrjhyyI
Get support: https://t.co/hXsOzH7yNP","ifttt.com/join","http://ifttt.com/join","125","https://t.co/p9vnrjhyyI","help.ifttt.com","162","https://t.co/hXsOzH7yNP",,,,,"0","23","https://t.co/cQEQwaAT7n","5636","153498","482","75079616","false","false","San Francisco, CA","2585","IFTTT","https://pbs.twimg.com/profile_images/1493350091368718337/6v_nbYpO_normal.jpg","","https://twitter.com/IFTTT","https://x.com/IFTTT","IFTTT","Keep track of your completed tasks in iOS Reminders in a Google Spreadsheet. 📌 https://t.co/W6OFQcXlGp","2"
,,,,"false","https://pbs.twimg.com/profile_banners/16689804/1641485639","Working to make a free, world-class education available for anyone, anywhere.🚀✨ Teachers: follow us @TeachWithKhan! Parents of littles: follow @KhanAcademyKids",,,,,,,,,,,,"0","23","https://t.co/5OEMkbZOIF","15458","788658","651","16689804","false","false","Mountain View, CA","1539","Khan Academy","https://pbs.twimg.com/profile_images/1410963999630499847/1u5DbZJm_normal.jpg","","https://twitter.com/khanacademy","https://x.com/khanacademy","khanacademy","Thank you, Chairwoman @virginiafoxx, for inviting us to share about Khanmigo with the U.S. House @edworkforcecmte.

We’re excited to show how our AI tutor helps students and teachers. It’s an honor to join this conversation as we support millions of learners and educators.","6"
,,,,"false","https://pbs.twimg.com/profile_banners/22908286/1718356645","#Denodo is the leader in #datamanagement – providing unmatched performance, unified access to the range of enterprise, #bigdata, #cloud and unstructured sources",,,,,,,,,,,,"0","23","https://t.co/h4ZXcpvYmR","10969","5625","6041","22908286","false","true","Palo Alto, CA","10225","Denodo","https://pbs.twimg.com/profile_images/1369575102522793985/6jQgl3TY_normal.jpg","","https://twitter.com/denodo","https://x.com/denodo","denodo","#Denodo is Premier Sponsor of #CDOBostonSummit by @CDMmedia in @aloftboston. Join our session 'Establishing an Agile Data Foundation for #GenerativeAI Success' by Parker Thompson to learn how Retrieval Augmented Generation (#RAG) empowers your organization https://t.co/SgoltVdl8a","0"
,,,,"false","https://pbs.twimg.com/profile_banners/85385094/1644509773","Covering the latest in Content, Document and Knowledge Management.",,,,,,,,,,,,"0","23","https://t.co/0Thwh2NxQ6","82","4352","1155","85385094","false","false","","2271","KMWorld Magazine","https://pbs.twimg.com/profile_images/1279876739/KMWlogo_Stacked__normal.jpg","","https://twitter.com/KMWorldMagazine","https://x.com/KMWorldMagazine","KMWorldMagazine","Scoop Analytics backed by $3.5M to democratize data-driven decision making with advanced spreadsheet tech https://t.co/gcOuORNKQK","0"
,,,,"true","https://pbs.twimg.com/profile_banners/15234886/1716922455","Create Short Links, QR Codes, Landing Pages and Analytics to track performance of each with ease.",,,,,,,,,,,,"0","23","https://t.co/23s9zo9AAl","9058","67331","1615","15234886","false","false","","2158","Bitly - The Connections Platform","https://pbs.twimg.com/profile_images/1782836871803944960/qJ5Styf6_normal.jpg","","https://twitter.com/Bitly","https://x.com/Bitly","Bitly","Landing your campaigns where you want them to. 

Join our next Customer Convo TOMORROW starring the all-new Bitly Pages.

Sign up ---&gt; https://t.co/RnIlP4J1Up https://t.co/uvv7vK1BAl","2"
,,,,"false","https://pbs.twimg.com/profile_banners/20641938/1677691311","Powering mission-critical success for the world's data-fit companies.",,,,,,,,,,,,"0","23","https://t.co/7yUAj0SFeu","2485","17309","1492","20641938","false","false","Santa Clara, CA","3515","Pentaho","https://pbs.twimg.com/profile_images/1730318795414134785/Os_GbHzi_normal.jpg","","https://twitter.com/Pentaho","https://x.com/Pentaho","Pentaho","📢 Today, our U.S. Pentaho offices are closed to give our employees the opportunity to reflect on Juneteenth in their own meaningful ways. The significance of this day cannot be overstated, and we encourage everyone to take a moment to contemplate its profound meaning.","0"
,,,,"true","https://pbs.twimg.com/profile_banners/75079616/1619195886","Automations for business and home. Connect to 900+ of your favorite apps and services. 

Get started: https://t.co/p9vnrjhyyI
Get support: https://t.co/hXsOzH7yNP","ifttt.com/join","http://ifttt.com/join","125","https://t.co/p9vnrjhyyI","help.ifttt.com","162","https://t.co/hXsOzH7yNP",,,,,"0","23","https://t.co/cQEQwaAT7n","5636","153498","482","75079616","false","false","San Francisco, CA","2585","IFTTT","https://pbs.twimg.com/profile_images/1493350091368718337/6v_nbYpO_normal.jpg","","https://twitter.com/IFTTT","https://x.com/IFTTT","IFTTT","Receive IFTTT AI responses via SMS when you ask a question on your mobile note widget. 🤖📝 https://t.co/wiM06pyH63","2"
,,,,"false","https://pbs.twimg.com/profile_banners/43889656/1695926361","Leading global think tank and business membership association since 1916.",,,,,,,,,,,,"0","23","https://t.co/nOdo363Hpo","1089","18165","1941","43889656","false","true","www.conference-board.org","2924","The Conference Board","https://pbs.twimg.com/profile_images/1009876596273090562/Xj3zDFw-_normal.jpg","","https://twitter.com/Conferenceboard","https://x.com/Conferenceboard","Conferenceboard","RT @Conferenceboard: Join Steve Odland and guest Merel Spierings, Senior Researcher in the ESG Center, to find out how companies can naviga…","0"
,,,,"false","https://pbs.twimg.com/profile_banners/22908286/1718356645","#Denodo is the leader in #datamanagement – providing unmatched performance, unified access to the range of enterprise, #bigdata, #cloud and unstructured sources",,,,,,,,,,,,"0","23","https://t.co/h4ZXcpvYmR","10969","5625","6041","22908286","false","true","Palo Alto, CA","10225","Denodo","https://pbs.twimg.com/profile_images/1369575102522793985/6jQgl3TY_normal.jpg","","https://twitter.com/denodo","https://x.com/denodo","denodo","Developers work hard to create #data models that address use cases. Join this #TechTalk session by Nikhil Nair of #Denodo, who will usher you into the world of Denodo #metadata promotion, providing guidelines you could follow for the best outcome possible https://t.co/1P95DFiglo","0"
,,,,"true","https://pbs.twimg.com/profile_banners/733024864353845250/1646661307","An easy-to-use tool for beautiful data visualization and storytelling. 
Browse our resources: https://t.co/11sPjhQUzR 📊✨","help.flourish.studio","http://help.flourish.studio","117","https://t.co/11sPjhQUzR",,,,,,,,"0","23","https://t.co/I1D7LDlCsJ","1641","16771","1513","733024864353845250","false","true","London","803","Flourish","https://pbs.twimg.com/profile_images/927560296721453059/NwEYJgOE_normal.jpg","","https://twitter.com/f_l_o_u_r_i_s_h","https://x.com/f_l_o_u_r_i_s_h","f_l_o_u_r_i_s_h","Transform your election #data with Flourish!✨

Check out three must-have maps for visualizing #election results. From voter turnout to regional trends, Flourish makes creating stunning election graphics effortless.

Click here to watch the full webinar: https://t.co/ikrRTYjKz0 https://t.co/8WjDmbfrPC","7"
,,,,"true","https://pbs.twimg.com/profile_banners/75079616/1619195886","Automations for business and home. Connect to 900+ of your favorite apps and services. 

Get started: https://t.co/p9vnrjhyyI
Get support: https://t.co/hXsOzH7yNP","ifttt.com/join","http://ifttt.com/join","125","https://t.co/p9vnrjhyyI","help.ifttt.com","162","https://t.co/hXsOzH7yNP",,,,,"0","23","https://t.co/cQEQwaAT7n","5636","153498","482","75079616","false","false","San Francisco, CA","2585","IFTTT","https://pbs.twimg.com/profile_images/1493350091368718337/6v_nbYpO_normal.jpg","","https://twitter.com/IFTTT","https://x.com/IFTTT","IFTTT","Easily create Todoist tasks by sending an email to IFTTT. ✨ https://t.co/96YEZbzcPp","1"
,,,,"false","https://pbs.twimg.com/profile_banners/84512601/1711568947","Elastic is the leading platform for search-powered solutions. We accelerate results that matter.",,,,,,,,,,,,"0","23","https://t.co/p10X3ENmye","3600","64682","182","84512601","false","false","Global","3455","Elastic","https://pbs.twimg.com/profile_images/1686406534283329536/SqbSIkqm_normal.jpg","","https://twitter.com/elastic","https://x.com/elastic","elastic","Dive into this blog to learn how to develop a custom GPT. It’s your own version of ChatGPT that retrieves custom data from Elasticsearch, which can add both current and proprietary context: https://t.co/vkgUi5m2dx

#ElasticSearchLabs #GPT #Elasticsearch","8"
,,,,"true","https://pbs.twimg.com/profile_banners/733024864353845250/1646661307","An easy-to-use tool for beautiful data visualization and storytelling. 
Browse our resources: https://t.co/11sPjhQUzR 📊✨","help.flourish.studio","http://help.flourish.studio","117","https://t.co/11sPjhQUzR",,,,,,,,"0","23","https://t.co/I1D7LDlCsJ","1641","16771","1513","733024864353845250","false","true","London","803","Flourish","https://pbs.twimg.com/profile_images/927560296721453059/NwEYJgOE_normal.jpg","","https://twitter.com/f_l_o_u_r_i_s_h","https://x.com/f_l_o_u_r_i_s_h","f_l_o_u_r_i_s_h","RT @visualisingdata: Really looking forward to being part of this week and specifically this free event, hosted by @f_l_o_u_r_i_s_h on July…","0"
,,,,"false","https://pbs.twimg.com/profile_banners/304588450/1705305974","📊 Engage your audience with unique #dataviz, infographics, social media posts, and more.",,,,,,,,,,,,"0","23","https://t.co/cyJasFM7aa","2884","16187","4703","304588450","false","false","Everywhere","8452","Infogram","https://pbs.twimg.com/profile_images/1658855019406405632/q-lKZU2v_normal.jpg","","https://twitter.com/infogram","https://x.com/infogram","infogram","Sports are more than just wins and losses. 🏆 Our latest blog explores sports journalism and how data visualization is changing the game. 🤩💪

Discover how to take your sports data to the next level: https://t.co/hK27lID4kS","0"
,,,,"false","https://pbs.twimg.com/profile_banners/22908286/1718356645","#Denodo is the leader in #datamanagement – providing unmatched performance, unified access to the range of enterprise, #bigdata, #cloud and unstructured sources",,,,,,,,,,,,"0","23","https://t.co/h4ZXcpvYmR","10969","5625","6041","22908286","false","true","Palo Alto, CA","10225","Denodo","https://pbs.twimg.com/profile_images/1369575102522793985/6jQgl3TY_normal.jpg","","https://twitter.com/denodo","https://x.com/denodo","denodo","RT @FutureofUtils: Shout-out to one of our amazing Bronze Sponsors of #FoUSummit24, Denodo!🎉

Make the most of our networking break and sto…","0"
,,,,"false","https://pbs.twimg.com/profile_banners/22908286/1718356645","#Denodo is the leader in #datamanagement – providing unmatched performance, unified access to the range of enterprise, #bigdata, #cloud and unstructured sources",,,,,,,,,,,,"0","23","https://t.co/h4ZXcpvYmR","10969","5625","6041","22908286","false","true","Palo Alto, CA","10225","Denodo","https://pbs.twimg.com/profile_images/1369575102522793985/6jQgl3TY_normal.jpg","","https://twitter.com/denodo","https://x.com/denodo","denodo","Today! #Denodo is Bronze Sponsor of the @FutureofUtils Summit in the @QEIICentre, London. Visit our booth (20) to meet the team and hear how #energy &amp; #utilities organisations can tackle challenges associated with the changing #data landscape! #FoUSummit24 https://t.co/NIBRHNciIB https://t.co/5epTtnqY4n","0"
,,,,"false","https://pbs.twimg.com/profile_banners/22908286/1718356645","#Denodo is the leader in #datamanagement – providing unmatched performance, unified access to the range of enterprise, #bigdata, #cloud and unstructured sources",,,,,,,,,,,,"0","23","https://t.co/h4ZXcpvYmR","10969","5625","6041","22908286","false","true","Palo Alto, CA","10225","Denodo","https://pbs.twimg.com/profile_images/1369575102522793985/6jQgl3TY_normal.jpg","","https://twitter.com/denodo","https://x.com/denodo","denodo","RT @TradeFlo: Denodo Demo: Next-Gen Data Integration – Exploring Denodo’s Dynamic Data Architectures for Modern Enterprises: Download the s…","0"
,,,,"false","https://pbs.twimg.com/profile_banners/22908286/1718356645","#Denodo is the leader in #datamanagement – providing unmatched performance, unified access to the range of enterprise, #bigdata, #cloud and unstructured sources",,,,,,,,,,,,"0","23","https://t.co/h4ZXcpvYmR","10969","5625","6041","22908286","false","true","Palo Alto, CA","10225","Denodo","https://pbs.twimg.com/profile_images/1369575102522793985/6jQgl3TY_normal.jpg","","https://twitter.com/denodo","https://x.com/denodo","denodo","Today! #Denodo is Silver Sponsor of the @Overheid_360 Congres in Utrecht, Netherlands. Don't miss our session 'Bruggen Bouwen van Ruwe Data naar Strategische Inzichten' by Danny Van Der Wal to the Solar stage at 15:10. Stop by our booth 33! #Overheid360 https://t.co/I90jJgjyxm","1"
,,,,"true","https://pbs.twimg.com/profile_banners/500573974/1628006337","Enrich your stories with charts, maps, and tables. Questions? Write us: support@datawrapper.de | We're hiring: https://t.co/N0ZiEdv887 | https://t.co/G3MLW5LZEE","datawrapper.de/careers","http://datawrapper.de/careers","134","https://t.co/N0ZiEdv887","datawrapper.de/contact","160","https://t.co/G3MLW5LZEE",,,,,"0","23","https://t.co/VxvHiosgJl","6584","27025","660","500573974","false","true","Berlin, Germany","739","Datawrapper","https://pbs.twimg.com/profile_images/1422595697619185664/uO6c-Gpw_normal.jpg","","https://twitter.com/Datawrapper","https://x.com/Datawrapper","Datawrapper","RT @karim_douieb: Thanks @Datawrapper for the mention. I'm thrilled to be part of this Data Vis Dispatch edition! Check out the amazing wor…","0"
,,,,"true","https://pbs.twimg.com/profile_banners/500573974/1628006337","Enrich your stories with charts, maps, and tables. Questions? Write us: support@datawrapper.de | We're hiring: https://t.co/N0ZiEdv887 | https://t.co/G3MLW5LZEE","datawrapper.de/careers","http://datawrapper.de/careers","134","https://t.co/N0ZiEdv887","datawrapper.de/contact","160","https://t.co/G3MLW5LZEE",,,,,"0","23","https://t.co/VxvHiosgJl","6584","27025","660","500573974","false","true","Berlin, Germany","739","Datawrapper","https://pbs.twimg.com/profile_images/1422595697619185664/uO6c-Gpw_normal.jpg","","https://twitter.com/Datawrapper","https://x.com/Datawrapper","Datawrapper","This is happening today! Join to see our product specialist @gsutters live-code (!) with the Datawrapper API: https://t.co/p2v9VGKoHe","7"
,,,,"false","https://pbs.twimg.com/profile_banners/22908286/1718356645","#Denodo is the leader in #datamanagement – providing unmatched performance, unified access to the range of enterprise, #bigdata, #cloud and unstructured sources",,,,,,,,,,,,"0","23","https://t.co/h4ZXcpvYmR","10969","5625","6041","22908286","false","true","Palo Alto, CA","10225","Denodo","https://pbs.twimg.com/profile_images/1369575102522793985/6jQgl3TY_normal.jpg","","https://twitter.com/denodo","https://x.com/denodo","denodo","The #CIO’s company, in pursuit of growth, faces to harness the vast ocean of #data. Read this #DataManagement blog by Kevin Bohan from #Denodo to learn the keys offered in a new eBook, Measuring Up: 22 Critical Metrics for #DataDemocratization Excellence https://t.co/EMWyYk6VbQ","0"
,,,,"false","https://pbs.twimg.com/profile_banners/22908286/1718356645","#Denodo is the leader in #datamanagement – providing unmatched performance, unified access to the range of enterprise, #bigdata, #cloud and unstructured sources",,,,,,,,,,,,"0","23","https://t.co/h4ZXcpvYmR","10969","5625","6041","22908286","false","true","Palo Alto, CA","10225","Denodo","https://pbs.twimg.com/profile_images/1369575102522793985/6jQgl3TY_normal.jpg","","https://twitter.com/denodo","https://x.com/denodo","denodo","A #datastrategy that enables organizations to reap the full benefits of data and #analytics initiatives is required. Download this #Denodo whitepaper to understand why the end goal is to provide the business with the data it needs for competitive advantage https://t.co/kGeY7l0bqY","0"
,,,,"true","https://pbs.twimg.com/profile_banners/75079616/1619195886","Automations for business and home. Connect to 900+ of your favorite apps and services. 

Get started: https://t.co/p9vnrjhyyI
Get support: https://t.co/hXsOzH7yNP","ifttt.com/join","http://ifttt.com/join","125","https://t.co/p9vnrjhyyI","help.ifttt.com","162","https://t.co/hXsOzH7yNP",,,,,"0","23","https://t.co/cQEQwaAT7n","5636","153498","482","75079616","false","false","San Francisco, CA","2585","IFTTT","https://pbs.twimg.com/profile_images/1493350091368718337/6v_nbYpO_normal.jpg","","https://twitter.com/IFTTT","https://x.com/IFTTT","IFTTT","Upload your track files to @SoundCloud from your @Dropbox folder. 🎶 https://t.co/TDMVVUImdW","0"
"https://pbs.twimg.com/profile_images/1605211963096801282/3flU1i5o_bigger.jpg","ABC News","DeepLink","Badge","false","https://pbs.twimg.com/profile_banners/2303751216/1695046192","Data-driven news and analysis from @ABC News’s 538.",,,,,,,,,,,,"0","23","https://t.co/kqSxkriKCH","1151","1260550","330","2303751216","false","true","New York, NY","27977","FiveThirtyEight","https://pbs.twimg.com/profile_images/1703773290823581696/Ht3QyC2V_normal.jpg","","https://twitter.com/FiveThirtyEight","https://x.com/FiveThirtyEight","FiveThirtyEight","RT @baseballot: Many people have noted that perceptions of the economy have seemingly become divorced from the data. Well, we at 538 built…","0"
"https://pbs.twimg.com/profile_images/1605211963096801282/3flU1i5o_bigger.jpg","ABC News","DeepLink","Badge","false","https://pbs.twimg.com/profile_banners/2303751216/1695046192","Data-driven news and analysis from @ABC News’s 538.",,,,,,,,,,,,"0","23","https://t.co/kqSxkriKCH","1151","1260550","330","2303751216","false","true","New York, NY","27977","FiveThirtyEight","https://pbs.twimg.com/profile_images/1703773290823581696/Ht3QyC2V_normal.jpg","","https://twitter.com/FiveThirtyEight","https://x.com/FiveThirtyEight","FiveThirtyEight","There's a question journalists, economists and Pres. Biden's campaign have been puzzling over for months: Why, when every traditional indicator is positive, are Americans so displeased with the economy? https://t.co/Rizr0wHJQQ https://t.co/NiC9M6E7pY","14"
,,,,"false","https://pbs.twimg.com/profile_banners/43889656/1695926361","Leading global think tank and business membership association since 1916.",,,,,,,,,,,,"0","23","https://t.co/nOdo363Hpo","1089","18165","1941","43889656","false","true","www.conference-board.org","2924","The Conference Board","https://pbs.twimg.com/profile_images/1009876596273090562/Xj3zDFw-_normal.jpg","","https://twitter.com/Conferenceboard","https://x.com/Conferenceboard","Conferenceboard","Join Steve Odland and Marion Devine, Principal Researcher, Human Capital, Europe, to find out what’s dragging down productivity in your organization – and how you can fix it.

🎧Listen Now: https://t.co/LXuCP1GFow

#tcbPodcast #CSutiePerspectives https://t.co/faBc7GQajl","0"
"https://pbs.twimg.com/profile_images/1605211963096801282/3flU1i5o_bigger.jpg","ABC News","DeepLink","Badge","false","https://pbs.twimg.com/profile_banners/2303751216/1695046192","Data-driven news and analysis from @ABC News’s 538.",,,,,,,,,,,,"0","23","https://t.co/kqSxkriKCH","1151","1260550","330","2303751216","false","true","New York, NY","27977","FiveThirtyEight","https://pbs.twimg.com/profile_images/1703773290823581696/Ht3QyC2V_normal.jpg","","https://twitter.com/FiveThirtyEight","https://x.com/FiveThirtyEight","FiveThirtyEight","RT @galendruke: It's a vibes election y'all ✨

https://t.co/WYIgdBPC1M","0"
,,,,"true","https://pbs.twimg.com/profile_banners/75079616/1619195886","Automations for business and home. Connect to 900+ of your favorite apps and services. 

Get started: https://t.co/p9vnrjhyyI
Get support: https://t.co/hXsOzH7yNP","ifttt.com/join","http://ifttt.com/join","125","https://t.co/p9vnrjhyyI","help.ifttt.com","162","https://t.co/hXsOzH7yNP",,,,,"0","23","https://t.co/cQEQwaAT7n","5636","153498","482","75079616","false","false","San Francisco, CA","2585","IFTTT","https://pbs.twimg.com/profile_images/1493350091368718337/6v_nbYpO_normal.jpg","","https://twitter.com/IFTTT","https://x.com/IFTTT","IFTTT","Get an email whenever a new @Airtable record is created in a table. 📧 https://t.co/RTW0NdqdDb","0"
,,,,"false","https://pbs.twimg.com/profile_banners/22908286/1718356645","#Denodo is the leader in #datamanagement – providing unmatched performance, unified access to the range of enterprise, #bigdata, #cloud and unstructured sources",,,,,,,,,,,,"0","23","https://t.co/h4ZXcpvYmR","10969","5625","6041","22908286","false","true","Palo Alto, CA","10225","Denodo","https://pbs.twimg.com/profile_images/1369575102522793985/6jQgl3TY_normal.jpg","","https://twitter.com/denodo","https://x.com/denodo","denodo","Join us at the #FastDataStrategy Virtual Summit #AMERICAS for a fireside chat with Henry Beaino of @SnowflakeDB and Paul Moxon of #Denodo, as they discuss how the combination of #DataCloud and #datamanagement can transform your organization's approach https://t.co/DP9qokQaD7","0"
"https://pbs.twimg.com/profile_images/1605211963096801282/3flU1i5o_bigger.jpg","ABC News","DeepLink","Badge","false","https://pbs.twimg.com/profile_banners/2303751216/1695046192","Data-driven news and analysis from @ABC News’s 538.",,,,,,,,,,,,"0","23","https://t.co/kqSxkriKCH","1151","1260550","330","2303751216","false","true","New York, NY","27977","FiveThirtyEight","https://pbs.twimg.com/profile_images/1703773290823581696/Ht3QyC2V_normal.jpg","","https://twitter.com/FiveThirtyEight","https://x.com/FiveThirtyEight","FiveThirtyEight","Who is favored to win the 2024 presidential election? 

@FiveThirtyEight uses polling, economic and demographic data to explore likely election outcomes. See the latest: https://t.co/exFapfpZI0","18"
,,,,"false","https://pbs.twimg.com/profile_banners/16689804/1641485639","Working to make a free, world-class education available for anyone, anywhere.🚀✨ Teachers: follow us @TeachWithKhan! Parents of littles: follow @KhanAcademyKids",,,,,,,,,,,,"0","23","https://t.co/5OEMkbZOIF","15458","788658","651","16689804","false","false","Mountain View, CA","1539","Khan Academy","https://pbs.twimg.com/profile_images/1410963999630499847/1u5DbZJm_normal.jpg","","https://twitter.com/khanacademy","https://x.com/khanacademy","khanacademy","🌐 Headed to @ISTEofficial? Meet Khanmigo, Your Free AI-Powered Assistant from Khan Academy 🌐

Join us at the Microsoft Booth #1300 on Monday, June 24, from 11:30 AM to 12:15 PM for an exclusive Learn Live Classroom session. This 45-minute hands-on workshop is designed to immerse you in getting the most out of Khanmigo. FREE to all US teachers, thanks to our partnership with @Microsoft.

With devices provided and seating for up to 80 participants, you'll have the unique opportunity to set up and demo Khanmigo, our AI-powered assistant. Our focus will be on getting educators up and running, maximizing your experience with live guidance.

But the excitement doesn't stop there! We're also hosting an interactive Booth Demo from 2:30 PM - 4:30 PM. Get hands-on experience with Khanmigo and see it in action. It's a fantastic opportunity to dive deeper and ask any questions you might have.

Don't miss this chance to claim back your weekends!
📍 Location: Microsoft Booth #1300
⏰ Time: 11:30 AM - 12:15 PM, Booth Demos 2:30 PM - 4:30 PM
📅 Date: Monday, June 24","8"
,,,,"false","https://pbs.twimg.com/profile_banners/43889656/1695926361","Leading global think tank and business membership association since 1916.",,,,,,,,,,,,"0","23","https://t.co/nOdo363Hpo","1089","18165","1941","43889656","false","true","www.conference-board.org","2924","The Conference Board","https://pbs.twimg.com/profile_images/1009876596273090562/Xj3zDFw-_normal.jpg","","https://twitter.com/Conferenceboard","https://x.com/Conferenceboard","Conferenceboard","RT @Conferenceboard: Join Dr. Lori Esposito Murray and guest Robert Smith to find out how they expect generative #AI to jump-start producti…","0"
,,,,"false","https://pbs.twimg.com/profile_banners/85385094/1644509773","Covering the latest in Content, Document and Knowledge Management.",,,,,,,,,,,,"0","23","https://t.co/0Thwh2NxQ6","82","4352","1155","85385094","false","false","","2271","KMWorld Magazine","https://pbs.twimg.com/profile_images/1279876739/KMWlogo_Stacked__normal.jpg","","https://twitter.com/KMWorldMagazine","https://x.com/KMWorldMagazine","KMWorldMagazine","CallSine introduces personalized AI-powered outbound email outreach?at scale https://t.co/kAOT7APfR6","1"
,,,,"true","https://pbs.twimg.com/profile_banners/18080585/1714687257","A developer data platform for developers to do their best work. #LoveYourDevelopers",,,,,,,,,,,,"0","23","https://t.co/ef7Ea2no1x","15578","475260","6444","18080585","false","true","","4335","MongoDB","https://pbs.twimg.com/profile_images/1452637606559326217/GFz_P-5e_normal.png","","https://twitter.com/MongoDB","https://x.com/MongoDB","MongoDB","🔓 Unlock the power of LINQ in your .NET Core applications by learning to query MongoDB with ease. Check out this step-by-step tutorial.

https://t.co/On3IZLvESi https://t.co/mrAowO1Zko","7"
,,,,"false","https://pbs.twimg.com/profile_banners/84512601/1711568947","Elastic is the leading platform for search-powered solutions. We accelerate results that matter.",,,,,,,,,,,,"0","23","https://t.co/p10X3ENmye","3600","64682","182","84512601","false","false","Global","3455","Elastic","https://pbs.twimg.com/profile_images/1686406534283329536/SqbSIkqm_normal.jpg","","https://twitter.com/elastic","https://x.com/elastic","elastic","RT @trufflesec: 🚀 Exciting News! 🚀

🐷 We've teamed up with @elastic to integrate TruffleHog with Elasticsearch!

🔐 Now, stream documents in…","0"
,,,,"true","https://pbs.twimg.com/profile_banners/75079616/1619195886","Automations for business and home. Connect to 900+ of your favorite apps and services. 

Get started: https://t.co/p9vnrjhyyI
Get support: https://t.co/hXsOzH7yNP","ifttt.com/join","http://ifttt.com/join","125","https://t.co/p9vnrjhyyI","help.ifttt.com","162","https://t.co/hXsOzH7yNP",,,,,"0","23","https://t.co/cQEQwaAT7n","5636","153498","482","75079616","false","false","San Francisco, CA","2585","IFTTT","https://pbs.twimg.com/profile_images/1493350091368718337/6v_nbYpO_normal.jpg","","https://twitter.com/IFTTT","https://x.com/IFTTT","IFTTT","Get a notification reminder to put on sunscreen when the UV index is high. ☀️🔔 @wunderground https://t.co/XBTTjekhvb https://t.co/LbvdgIcekV","0"
,,,,"false","https://pbs.twimg.com/profile_banners/22908286/1718356645","#Denodo is the leader in #datamanagement – providing unmatched performance, unified access to the range of enterprise, #bigdata, #cloud and unstructured sources",,,,,,,,,,,,"0","23","https://t.co/h4ZXcpvYmR","10969","5625","6041","22908286","false","true","Palo Alto, CA","10225","Denodo","https://pbs.twimg.com/profile_images/1369575102522793985/6jQgl3TY_normal.jpg","","https://twitter.com/denodo","https://x.com/denodo","denodo","📢 Avis à tous(-tes) les passionné(e)s de données et d' #IA ! Nous vous invitons à notre #DenodoDataDay : ""Libérer la donnée : le levier infaillible de performance en temps de crise"" 🌟, le 18 septembre à Paris. Cet événement promet d'être riche en apprentissage 📚, actualités 📰 et autres moments de networking 🤝.

Rejoignez-nous pour découvrir les dernières tendances en matière de gestion de #données, #intelligenceartificielle 🤖 et virtualisation de données 🖥️ tout en approfondissant vos connaissances sur le pouvoir de transformation de #DenodoPlatform 🔍.

Alors, réservez dès à présent votre 18 septembre 📅 et venez nous retrouver pour un événement inoubliable 🎉 avec de nombreuses conférences inspirantes ici : https://t.co/H104E4FYXI #datamanagement #dataintegration #datadelivery #datavirtualization #GenAI #logicaldatamanagement #Denodo #FearlessData","1"
,,,,"false","https://pbs.twimg.com/profile_banners/85385094/1644509773","Covering the latest in Content, Document and Knowledge Management.",,,,,,,,,,,,"0","23","https://t.co/0Thwh2NxQ6","82","4352","1155","85385094","false","false","","2271","KMWorld Magazine","https://pbs.twimg.com/profile_images/1279876739/KMWlogo_Stacked__normal.jpg","","https://twitter.com/KMWorldMagazine","https://x.com/KMWorldMagazine","KMWorldMagazine","Cognizant plans to acquire Belcan for approximately $1.3 billion https://t.co/WYizE6pMlq","0"
,,,,"false","https://pbs.twimg.com/profile_banners/16689804/1641485639","Working to make a free, world-class education available for anyone, anywhere.🚀✨ Teachers: follow us @TeachWithKhan! Parents of littles: follow @KhanAcademyKids",,,,,,,,,,,,"0","23","https://t.co/5OEMkbZOIF","15458","788658","651","16689804","false","false","Mountain View, CA","1539","Khan Academy","https://pbs.twimg.com/profile_images/1410963999630499847/1u5DbZJm_normal.jpg","","https://twitter.com/khanacademy","https://x.com/khanacademy","khanacademy","The #BreakthroughJuniorChallenge is still open! Win a $250K scholarship, $50K for their teacher &amp; a $100K science lab!  Deadline June 25th! Don't wait! #Science #STEM #Education https://t.co/D1KxgQGPTy","8"
,,,,"true",,"New Book, On The Edge, August 13: https://t.co/WeCLEOd4Be","penguinrandomhouse.com/books/529280/o…","https://www.penguinrandomhouse.com/books/529280/on-the-edge-by-nate-silver/","57","https://t.co/WeCLEOd4Be",,,,,,,,,,,"5614","3352962","1664","16017475","false","true","New York","3382","Nate Silver","https://pbs.twimg.com/profile_images/1771254203358355456/BZFn0E-J_normal.jpg","","https://twitter.com/NateSilver538","https://x.com/NateSilver538","NateSilver538","RT @SherwoodStrauss: Excellent stuff about the new NBA","0"
,,,,"false","https://pbs.twimg.com/profile_banners/17838200/1668723709","Natively integrated, highly efficient cyber protection",,,,,,,,,,,,"0","23","https://t.co/WZqpH1oF6X","15149","97811","9085","17838200","false","false","Schaffhausen, Switzerland","8959","Acronis","https://pbs.twimg.com/profile_images/784455300103475200/eTOjJf7I_normal.jpg","","https://twitter.com/Acronis","https://x.com/Acronis","Acronis","It's a constant battle against cyberthreats as they continue to evolve in complexity with AI. Fret not, MSPs! Here's 50% off six months of our new product, Acronis XDR, designed to simplify cyber protection and boost your team's effectiveness ➡️ https://t.co/7E1wXbP93a https://t.co/sBicsRDKt7","1"
"https://pbs.twimg.com/profile_images/1605211963096801282/3flU1i5o_bigger.jpg","ABC News","DeepLink","Badge","false","https://pbs.twimg.com/profile_banners/2303751216/1695046192","Data-driven news and analysis from @ABC News’s 538.",,,,,,,,,,,,"0","23","https://t.co/kqSxkriKCH","1151","1260550","330","2303751216","false","true","New York, NY","27977","FiveThirtyEight","https://pbs.twimg.com/profile_images/1703773290823581696/Ht3QyC2V_normal.jpg","","https://twitter.com/FiveThirtyEight","https://x.com/FiveThirtyEight","FiveThirtyEight","With multiple competitive House primary races in Virginia, a challenge to an 11-term incumbent in Oklahoma and a primary runoff in Georgia, there's plenty of action in Tuesday's elections. 

Here is a rundown of the key races to watch this week: https://t.co/89KbTYW0nX https://t.co/AEH9Gmc92Q","4"
"https://pbs.twimg.com/profile_images/1605211963096801282/3flU1i5o_bigger.jpg","ABC News","DeepLink","Badge","false","https://pbs.twimg.com/profile_banners/2303751216/1695046192","Data-driven news and analysis from @ABC News’s 538.",,,,,,,,,,,,"0","23","https://t.co/kqSxkriKCH","1151","1260550","330","2303751216","false","true","New York, NY","27977","FiveThirtyEight","https://pbs.twimg.com/profile_images/1703773290823581696/Ht3QyC2V_normal.jpg","","https://twitter.com/FiveThirtyEight","https://x.com/FiveThirtyEight","FiveThirtyEight","RT @baseballot: An incumbent congressman will probably lose his primary today. Read about that race and other intriguing Virginia and Oklah…","0"
,,,,"true","https://pbs.twimg.com/profile_banners/75079616/1619195886","Automations for business and home. Connect to 900+ of your favorite apps and services. 

Get started: https://t.co/p9vnrjhyyI
Get support: https://t.co/hXsOzH7yNP","ifttt.com/join","http://ifttt.com/join","125","https://t.co/p9vnrjhyyI","help.ifttt.com","162","https://t.co/hXsOzH7yNP",,,,,"0","23","https://t.co/cQEQwaAT7n","5636","153498","482","75079616","false","false","San Francisco, CA","2585","IFTTT","https://pbs.twimg.com/profile_images/1493350091368718337/6v_nbYpO_normal.jpg","","https://twitter.com/IFTTT","https://x.com/IFTTT","IFTTT","Good morning! When your @Fitbit notices you've woken up, your Hue lights will come on. 💡 @tweethue https://t.co/bco3bTAjbW","2"
,,,,"false","https://pbs.twimg.com/profile_banners/19036251/1470413654","Job Board Doctor: Job board & recruiting site consultant. I make job boards & recruiting sites perform better!",,,,,,,,,,,,"0","23","https://t.co/63H2gBcdPb","2322","6114","998","19036251","false","false","Iowa","95","Jeff Dickey-Chasins","https://pbs.twimg.com/profile_images/2582938515/95zu7o0djztdc9th4g5y_normal.jpeg","","https://twitter.com/JobBoardDoctor","https://x.com/JobBoardDoctor","JobBoardDoctor","Judge dismisses states’ challenge of EEOC’s pregnancy accommodation rule https://t.co/iEK5IHtrWr","0"
,,,,"true","https://pbs.twimg.com/profile_banners/500573974/1628006337","Enrich your stories with charts, maps, and tables. Questions? Write us: support@datawrapper.de | We're hiring: https://t.co/N0ZiEdv887 | https://t.co/G3MLW5LZEE","datawrapper.de/careers","http://datawrapper.de/careers","134","https://t.co/N0ZiEdv887","datawrapper.de/contact","160","https://t.co/G3MLW5LZEE",,,,,"0","23","https://t.co/VxvHiosgJl","6584","27025","660","500573974","false","true","Berlin, Germany","739","Datawrapper","https://pbs.twimg.com/profile_images/1422595697619185664/uO6c-Gpw_normal.jpg","","https://twitter.com/Datawrapper","https://x.com/Datawrapper","Datawrapper","Read about the European elections, the European Championship, and much more (from outside Europe, even!) in the new Data Vis Dispatch 🌍 

Check out the full issue here: https://t.co/j8hQ8spuLh https://t.co/ZIgEPxKVH9","33"
"https://pbs.twimg.com/profile_images/1605211963096801282/3flU1i5o_bigger.jpg","ABC News","DeepLink","Badge","false","https://pbs.twimg.com/profile_banners/2303751216/1695046192","Data-driven news and analysis from @ABC News’s 538.",,,,,,,,,,,,"0","23","https://t.co/kqSxkriKCH","1151","1260550","330","2303751216","false","true","New York, NY","27977","FiveThirtyEight","https://pbs.twimg.com/profile_images/1703773290823581696/Ht3QyC2V_normal.jpg","","https://twitter.com/FiveThirtyEight","https://x.com/FiveThirtyEight","FiveThirtyEight","RT @gelliottmorris: Forecast update for this week:  https://t.co/aLUBegZ2Kf https://t.co/Z4H3wRKUCv","0"
,,,,"false","https://pbs.twimg.com/profile_banners/19036251/1470413654","Job Board Doctor: Job board & recruiting site consultant. I make job boards & recruiting sites perform better!",,,,,,,,,,,,"0","23","https://t.co/63H2gBcdPb","2322","6114","998","19036251","false","false","Iowa","95","Jeff Dickey-Chasins","https://pbs.twimg.com/profile_images/2582938515/95zu7o0djztdc9th4g5y_normal.jpeg","","https://twitter.com/JobBoardDoctor","https://x.com/JobBoardDoctor","JobBoardDoctor","Latest JobBoardDoctor post: Subscriptions build job board profits https://t.co/N25rTeHxLc","1"
,,,,"false","https://pbs.twimg.com/profile_banners/22908286/1718356645","#Denodo is the leader in #datamanagement – providing unmatched performance, unified access to the range of enterprise, #bigdata, #cloud and unstructured sources",,,,,,,,,,,,"0","23","https://t.co/h4ZXcpvYmR","10969","5625","6041","22908286","false","true","Palo Alto, CA","10225","Denodo","https://pbs.twimg.com/profile_images/1369575102522793985/6jQgl3TY_normal.jpg","","https://twitter.com/denodo","https://x.com/denodo","denodo","This starts today, and we are ready! #Denodo is glad to be the Gold Sponsor of the CDAO Canada Public Sector powered by @CoriniumGlobal in Ottawa, ON, Canada on June 18-19, 2024. Don't miss our session ""Establishing an Agile Data Ecosystem for successful Generative AI"" with Kevin Bohan, our Director of Product Marketing, who will delve into the transformative potential of #GenerativeAI technologies using Retrieval Augmented Generation (#RAG) on today June 18 at 10:00 AM. Visit our booth #3 to talk about #datamanagement, #datafabric, #GenAI, and how they all fit together! #CDAOCANADAPS #PublicSector https://t.co/M7oW1yUv1L","0"
,,,,"false","https://pbs.twimg.com/profile_banners/22908286/1718356645","#Denodo is the leader in #datamanagement – providing unmatched performance, unified access to the range of enterprise, #bigdata, #cloud and unstructured sources",,,,,,,,,,,,"0","23","https://t.co/h4ZXcpvYmR","10969","5625","6041","22908286","false","true","Palo Alto, CA","10225","Denodo","https://pbs.twimg.com/profile_images/1369575102522793985/6jQgl3TY_normal.jpg","","https://twitter.com/denodo","https://x.com/denodo","denodo","¡Hoy es el día! No te pierdas este webinar, en el que veremos de la mano de Anastasio Molano, SVP EMEA de #Denodo, cómo la tecnología de logical #datafabric permite migrar los sistemas a la nube en base a criterios empresariales, haciendo el proceso transparente a las aplicaciones de negocio, sin interrupciones y minimizando los riesgos asociados a la migración. Regístrate aquí totalmente gratis: https://t.co/wpfHwtBgkS #CloudModernization","0"
,,,,"true","https://pbs.twimg.com/profile_banners/500573974/1628006337","Enrich your stories with charts, maps, and tables. Questions? Write us: support@datawrapper.de | We're hiring: https://t.co/N0ZiEdv887 | https://t.co/G3MLW5LZEE","datawrapper.de/careers","http://datawrapper.de/careers","134","https://t.co/N0ZiEdv887","datawrapper.de/contact","160","https://t.co/G3MLW5LZEE",,,,,"0","23","https://t.co/VxvHiosgJl","6584","27025","660","500573974","false","true","Berlin, Germany","739","Datawrapper","https://pbs.twimg.com/profile_images/1422595697619185664/uO6c-Gpw_normal.jpg","","https://twitter.com/Datawrapper","https://x.com/Datawrapper","Datawrapper","RT @AlliTorban: I’m so excited to join the book club!!!🥰🥰🥰","0"
,,,,"false","https://pbs.twimg.com/profile_banners/22908286/1718356645","#Denodo is the leader in #datamanagement – providing unmatched performance, unified access to the range of enterprise, #bigdata, #cloud and unstructured sources",,,,,,,,,,,,"0","23","https://t.co/h4ZXcpvYmR","10969","5625","6041","22908286","false","true","Palo Alto, CA","10225","Denodo","https://pbs.twimg.com/profile_images/1369575102522793985/6jQgl3TY_normal.jpg","","https://twitter.com/denodo","https://x.com/denodo","denodo","This starts tomorrow! #Denodo is delighted to be a Silver Sponsor of the Banking Transformation Summit 2024 by @MoneyNextTV alongside our partner @gft_tech at the @ExCeLLondon, on 19th – 20th June 2024. This event brings the #banking community together to assess the impact of #digitaltransformation and progress your digital journey. Join the panel discussion 'Customer-Centric Banking: Personalisation and Beyond' with @CloudSimmo, our Sales Director, Banking and Finance, together with experts from @NatWest_Help, @RecogniseBank, @CynergyBank, and The Change Hive on the banking stage at 12:35pm on the 19th. Come and see us at our booth (C44) during breaks to learn more about the #DenodoPlatform! #BTS2024 https://t.co/9EEwB2pjUn","1"
,,,,"false","https://pbs.twimg.com/profile_banners/22908286/1718356645","#Denodo is the leader in #datamanagement – providing unmatched performance, unified access to the range of enterprise, #bigdata, #cloud and unstructured sources",,,,,,,,,,,,"0","23","https://t.co/h4ZXcpvYmR","10969","5625","6041","22908286","false","true","Palo Alto, CA","10225","Denodo","https://pbs.twimg.com/profile_images/1369575102522793985/6jQgl3TY_normal.jpg","","https://twitter.com/denodo","https://x.com/denodo","denodo","RT @CohenTodd81411: Developers work hard to create #data models that address use cases. Join this #TechTalk session by Nikhil Nair of @deno…","0"
,,,,"false","https://pbs.twimg.com/profile_banners/22908286/1718356645","#Denodo is the leader in #datamanagement – providing unmatched performance, unified access to the range of enterprise, #bigdata, #cloud and unstructured sources",,,,,,,,,,,,"0","23","https://t.co/h4ZXcpvYmR","10969","5625","6041","22908286","false","true","Palo Alto, CA","10225","Denodo","https://pbs.twimg.com/profile_images/1369575102522793985/6jQgl3TY_normal.jpg","","https://twitter.com/denodo","https://x.com/denodo","denodo","RT @CohenTodd81411: Download this solution brief and discover how working together, @ApptadInc and @denodo enable companies to overcome the…","0"
,,,,"false","https://pbs.twimg.com/profile_banners/22908286/1718356645","#Denodo is the leader in #datamanagement – providing unmatched performance, unified access to the range of enterprise, #bigdata, #cloud and unstructured sources",,,,,,,,,,,,"0","23","https://t.co/h4ZXcpvYmR","10969","5625","6041","22908286","false","true","Palo Alto, CA","10225","Denodo","https://pbs.twimg.com/profile_images/1369575102522793985/6jQgl3TY_normal.jpg","","https://twitter.com/denodo","https://x.com/denodo","denodo","RT @CohenTodd81411: We are excited to share that @denodo, a leader in #datamanagement, has been included in this year’s #DBTA100 list of co…","0"
,,,,"false","https://pbs.twimg.com/profile_banners/22908286/1718356645","#Denodo is the leader in #datamanagement – providing unmatched performance, unified access to the range of enterprise, #bigdata, #cloud and unstructured sources",,,,,,,,,,,,"0","23","https://t.co/h4ZXcpvYmR","10969","5625","6041","22908286","false","true","Palo Alto, CA","10225","Denodo","https://pbs.twimg.com/profile_images/1369575102522793985/6jQgl3TY_normal.jpg","","https://twitter.com/denodo","https://x.com/denodo","denodo","RT @CohenTodd81411: In this era, organizations are pursuing #dataselfservice initiatives to empower users. Read this new #DataManagement bl…","0"
,,,,"false","https://pbs.twimg.com/profile_banners/22908286/1718356645","#Denodo is the leader in #datamanagement – providing unmatched performance, unified access to the range of enterprise, #bigdata, #cloud and unstructured sources",,,,,,,,,,,,"0","23","https://t.co/h4ZXcpvYmR","10969","5625","6041","22908286","false","true","Palo Alto, CA","10225","Denodo","https://pbs.twimg.com/profile_images/1369575102522793985/6jQgl3TY_normal.jpg","","https://twitter.com/denodo","https://x.com/denodo","denodo","[Registrations Open]: #FastDataStrategy Virtual Summit #AMERICAS is back for its 9th consecutive year! Join industry leaders, and matter experts and walk away with #datastrategies to support the dynamic demands of today’s digital landscape. Save your spot! https://t.co/cPTq9rufCz","1"
,,,,"true",,"New Book, On The Edge, August 13: https://t.co/WeCLEOd4Be","penguinrandomhouse.com/books/529280/o…","https://www.penguinrandomhouse.com/books/529280/on-the-edge-by-nate-silver/","57","https://t.co/WeCLEOd4Be",,,,,,,,,,,"5614","3352962","1664","16017475","false","true","New York","3382","Nate Silver","https://pbs.twimg.com/profile_images/1771254203358355456/BZFn0E-J_normal.jpg","","https://twitter.com/NateSilver538","https://x.com/NateSilver538","NateSilver538","Almost hedged and put some money on the Mavericks just because I was sure I'd be cursing the Celtics by starting this article at halftime but looks like we're in safe territory. (Not ready quite yet, coming later tonight/tomorrow AM.) Congratulations! ☘️ https://t.co/pGz2VPJkKx","93"
,,,,"false","https://pbs.twimg.com/profile_banners/22908286/1718356645","#Denodo is the leader in #datamanagement – providing unmatched performance, unified access to the range of enterprise, #bigdata, #cloud and unstructured sources",,,,,,,,,,,,"0","23","https://t.co/h4ZXcpvYmR","10969","5625","6041","22908286","false","true","Palo Alto, CA","10225","Denodo","https://pbs.twimg.com/profile_images/1369575102522793985/6jQgl3TY_normal.jpg","","https://twitter.com/denodo","https://x.com/denodo","denodo","Public sector statistics face rapid transformation due to evolving needs &amp; #datacomplexity. Join this Lunch and Learn session by Errol Rodericks of #Denodo &amp; Tauno Tamm of @eestistatistika to learn about ways to improve the efficiency of #publicsector data https://t.co/hqncqsaUSi https://t.co/fSkTFrtZP5","1"
,,,,"true","https://pbs.twimg.com/profile_banners/75079616/1619195886","Automations for business and home. Connect to 900+ of your favorite apps and services. 

Get started: https://t.co/p9vnrjhyyI
Get support: https://t.co/hXsOzH7yNP","ifttt.com/join","http://ifttt.com/join","125","https://t.co/p9vnrjhyyI","help.ifttt.com","162","https://t.co/hXsOzH7yNP",,,,,"0","23","https://t.co/cQEQwaAT7n","5636","153498","482","75079616","false","false","San Francisco, CA","2585","IFTTT","https://pbs.twimg.com/profile_images/1493350091368718337/6v_nbYpO_normal.jpg","","https://twitter.com/IFTTT","https://x.com/IFTTT","IFTTT","Receive an SMS when there is a new episode available for the ""CodeNewbie"" Podcast. 🎙️ https://t.co/0uBR4Lm32S","0"
,,,,"false","https://pbs.twimg.com/profile_banners/22642788/1494338667","Nonpartisan, nonadvocacy data and analysis. Follow us on Instagram, Facebook and LinkedIn or subscribe to our newsletters: https://t.co/tawtYBr8Ef ✉️","pewresearch.org/follow-us/","http://pewresearch.org/follow-us/","146","https://t.co/tawtYBr8Ef",,,,,,,,"0","23","https://t.co/MXOqG3wFdJ","1281","438403","83","22642788","false","true","Washington, DC","41531","Pew Research Center","https://pbs.twimg.com/profile_images/879728447026868228/U4Uzpdp6_normal.jpg","","https://twitter.com/pewresearch","https://x.com/pewresearch","pewresearch","Seven-in-ten teens ages 13 to 17 say there are generally more benefits than harms to people their age using smartphones, while three-in-ten say the opposite. https://t.co/BX4kVX3sLD https://t.co/8BNzFy3Fuo","21"
,,,,"false","https://pbs.twimg.com/profile_banners/85385094/1644509773","Covering the latest in Content, Document and Knowledge Management.",,,,,,,,,,,,"0","23","https://t.co/0Thwh2NxQ6","82","4352","1155","85385094","false","false","","2271","KMWorld Magazine","https://pbs.twimg.com/profile_images/1279876739/KMWlogo_Stacked__normal.jpg","","https://twitter.com/KMWorldMagazine","https://x.com/KMWorldMagazine","KMWorldMagazine","Pega GenAI Blueprint accelerates transformational app design https://t.co/nwfYcK3FSp","0"
"https://pbs.twimg.com/profile_images/1605211963096801282/3flU1i5o_bigger.jpg","ABC News","DeepLink","Badge","false","https://pbs.twimg.com/profile_banners/2303751216/1695046192","Data-driven news and analysis from @ABC News’s 538.",,,,,,,,,,,,"0","23","https://t.co/kqSxkriKCH","1151","1260550","330","2303751216","false","true","New York, NY","27977","FiveThirtyEight","https://pbs.twimg.com/profile_images/1703773290823581696/Ht3QyC2V_normal.jpg","","https://twitter.com/FiveThirtyEight","https://x.com/FiveThirtyEight","FiveThirtyEight","With multiple competitive House primary races in Virginia, a challenge to an 11-term incumbent in Oklahoma and a primary runoff in Georgia, there's plenty of action in Tuesday's elections. 

Here is a rundown of the key races to watch this week: https://t.co/KSf8MWV3l3 https://t.co/pYD9R6ZBYY","14"
,,,,"false","https://pbs.twimg.com/profile_banners/22908286/1718356645","#Denodo is the leader in #datamanagement – providing unmatched performance, unified access to the range of enterprise, #bigdata, #cloud and unstructured sources",,,,,,,,,,,,"0","23","https://t.co/h4ZXcpvYmR","10969","5625","6041","22908286","false","true","Palo Alto, CA","10225","Denodo","https://pbs.twimg.com/profile_images/1369575102522793985/6jQgl3TY_normal.jpg","","https://twitter.com/denodo","https://x.com/denodo","denodo","Our customers have spoken! We're thrilled to announce that #Denodo received the Customers Choice distinction in the 2024 @Gartner_inc Peer Insights™ “Voice of the Customer”: #DataIntegration Tools four years in a row. Read the report! #GartnerPeerInsights https://t.co/SAJg39Mobf","0"
,,,,"true","https://pbs.twimg.com/profile_banners/75079616/1619195886","Automations for business and home. Connect to 900+ of your favorite apps and services. 

Get started: https://t.co/p9vnrjhyyI
Get support: https://t.co/hXsOzH7yNP","ifttt.com/join","http://ifttt.com/join","125","https://t.co/p9vnrjhyyI","help.ifttt.com","162","https://t.co/hXsOzH7yNP",,,,,"0","23","https://t.co/cQEQwaAT7n","5636","153498","482","75079616","false","false","San Francisco, CA","2585","IFTTT","https://pbs.twimg.com/profile_images/1493350091368718337/6v_nbYpO_normal.jpg","","https://twitter.com/IFTTT","https://x.com/IFTTT","IFTTT","Are you worried about your grammar? Send IFTTT an email and get an AI-edited draft email in return! 🤖📧 https://t.co/irnXgT2uoF","4"
,,,,"false","https://pbs.twimg.com/profile_banners/85385094/1644509773","Covering the latest in Content, Document and Knowledge Management.",,,,,,,,,,,,"0","23","https://t.co/0Thwh2NxQ6","82","4352","1155","85385094","false","false","","2271","KMWorld Magazine","https://pbs.twimg.com/profile_images/1279876739/KMWlogo_Stacked__normal.jpg","","https://twitter.com/KMWorldMagazine","https://x.com/KMWorldMagazine","KMWorldMagazine","Anomalo now delivers AI-powered monitoring of unstructured text https://t.co/TNbymtd1XI","0"
,,,,"false","https://pbs.twimg.com/profile_banners/84512601/1711568947","Elastic is the leading platform for search-powered solutions. We accelerate results that matter.",,,,,,,,,,,,"0","23","https://t.co/p10X3ENmye","3600","64682","182","84512601","false","false","Global","3455","Elastic","https://pbs.twimg.com/profile_images/1686406534283329536/SqbSIkqm_normal.jpg","","https://twitter.com/elastic","https://x.com/elastic","elastic","Large Language Models (LLMs) are quickly becoming part of our everyday digital experiences. Elastic Solutions Architect Jenny Morris dives in to the history of LLMs, practical use cases, and more. Watch the full video here: https://t.co/QIsPtFzQPE

#LLMs #GenerativeAI https://t.co/a5E32gBoI6","15"
,,,,"false","https://pbs.twimg.com/profile_banners/16689804/1641485639","Working to make a free, world-class education available for anyone, anywhere.🚀✨ Teachers: follow us @TeachWithKhan! Parents of littles: follow @KhanAcademyKids",,,,,,,,,,,,"0","23","https://t.co/5OEMkbZOIF","15458","788658","651","16689804","false","false","Mountain View, CA","1539","Khan Academy","https://pbs.twimg.com/profile_images/1410963999630499847/1u5DbZJm_normal.jpg","","https://twitter.com/khanacademy","https://x.com/khanacademy","khanacademy","Calling all history and civics teachers!

We are partnering with the National Constitution Center (@ConstitutionCtr) to invite you to our exclusive webinar on June 21 at 10:30 AM PST.

Join us to:

✨ Empower your students with a profound understanding of the Constitution
✨ Develop a personalized plan to bring the Constitution 101 student course to your classroom
✨ Explore NCC's teacher resources, including live classes, lesson plans, and more

We’ll walk you through everything step-by-step!

PLUS - discover how the Constitution 101 course can transform your teaching:

➡️ Supercharge Learning: Leverage renowned scholars, primary sources, and Khan Academy's AI to deepen your students' understanding of the Constitution.
➡️ Personalized Strategies: Discover methods for personalized learning and bridging the civics education gap.
➡️ Seamless Integration: Get tips for seamlessly incorporating this nonpartisan resource into your existing curriculum.

Spots are limited! Register now: https://t.co/5xz9v1teqr","13"
,,,,"false","https://pbs.twimg.com/profile_banners/22642788/1494338667","Nonpartisan, nonadvocacy data and analysis. Follow us on Instagram, Facebook and LinkedIn or subscribe to our newsletters: https://t.co/tawtYBr8Ef ✉️","pewresearch.org/follow-us/","http://pewresearch.org/follow-us/","146","https://t.co/tawtYBr8Ef",,,,,,,,"0","23","https://t.co/MXOqG3wFdJ","1281","438403","83","22642788","false","true","Washington, DC","41531","Pew Research Center","https://pbs.twimg.com/profile_images/879728447026868228/U4Uzpdp6_normal.jpg","","https://twitter.com/pewresearch","https://x.com/pewresearch","pewresearch","82% of K-12 teachers in the U.S. say their school or district has a cellphone policy of some kind. However, 30% of teachers whose schools or districts have cellphone policies say they are difficult to enforce. https://t.co/BX4kVX3sLD https://t.co/HhchrSHn4K","9"
,,,,"true","https://pbs.twimg.com/profile_banners/500573974/1628006337","Enrich your stories with charts, maps, and tables. Questions? Write us: support@datawrapper.de | We're hiring: https://t.co/N0ZiEdv887 | https://t.co/G3MLW5LZEE","datawrapper.de/careers","http://datawrapper.de/careers","134","https://t.co/N0ZiEdv887","datawrapper.de/contact","160","https://t.co/G3MLW5LZEE",,,,,"0","23","https://t.co/VxvHiosgJl","6584","27025","660","500573974","false","true","Berlin, Germany","739","Datawrapper","https://pbs.twimg.com/profile_images/1422595697619185664/uO6c-Gpw_normal.jpg","","https://twitter.com/Datawrapper","https://x.com/Datawrapper","Datawrapper","📣 If you're curious about what you can do with Datawrapper, this month is the opportunity to find out! 

Our webinars are happening at 6pm CET/ 12pm EDT. 
Jun 19 ➡️ Datawrapper API with R
Jun 26 ➡️ Getting started with Datawrapper

You can register here: https://t.co/O0Ib4sYCyD","5"
,,,,"true",,"New Book, On The Edge, August 13: https://t.co/WeCLEOd4Be","penguinrandomhouse.com/books/529280/o…","https://www.penguinrandomhouse.com/books/529280/on-the-edge-by-nate-silver/","57","https://t.co/WeCLEOd4Be",,,,,,,,,,,"5614","3352962","1664","16017475","false","true","New York","3382","Nate Silver","https://pbs.twimg.com/profile_images/1771254203358355456/BZFn0E-J_normal.jpg","","https://twitter.com/NateSilver538","https://x.com/NateSilver538","NateSilver538","It's not a great sign for Biden that some of his worst numbers come from the best pollsters. (Selzer is literally the highest-rated pollster in our new rankings.)

https://t.co/YjUpVPW8kK","2039"
,,,,"true","https://pbs.twimg.com/profile_banners/15234886/1716922455","Create Short Links, QR Codes, Landing Pages and Analytics to track performance of each with ease.",,,,,,,,,,,,"0","23","https://t.co/23s9zo9AAl","9058","67331","1615","15234886","false","false","","2158","Bitly - The Connections Platform","https://pbs.twimg.com/profile_images/1782836871803944960/qJ5Styf6_normal.jpg","","https://twitter.com/Bitly","https://x.com/Bitly","Bitly","Landing your campaigns where you want them to. 

Join our next Customer Convo starring the all-new Bitly Pages.

Sign up ---&gt; https://t.co/RnIlP4J1Up https://t.co/ryJf39ghzr","0"
,,,,"true","https://pbs.twimg.com/profile_banners/75079616/1619195886","Automations for business and home. Connect to 900+ of your favorite apps and services. 

Get started: https://t.co/p9vnrjhyyI
Get support: https://t.co/hXsOzH7yNP","ifttt.com/join","http://ifttt.com/join","125","https://t.co/p9vnrjhyyI","help.ifttt.com","162","https://t.co/hXsOzH7yNP",,,,,"0","23","https://t.co/cQEQwaAT7n","5636","153498","482","75079616","false","false","San Francisco, CA","2585","IFTTT","https://pbs.twimg.com/profile_images/1493350091368718337/6v_nbYpO_normal.jpg","","https://twitter.com/IFTTT","https://x.com/IFTTT","IFTTT","Automatically post to @Discord to let your followers know that you've started a new @Twitch stream. 👾 https://t.co/IDArQ43AY8","1"
,,,,"true","https://pbs.twimg.com/profile_banners/18080585/1714687257","A developer data platform for developers to do their best work. #LoveYourDevelopers",,,,,,,,,,,,"0","23","https://t.co/ef7Ea2no1x","15578","475260","6444","18080585","false","true","","4335","MongoDB","https://pbs.twimg.com/profile_images/1452637606559326217/GFz_P-5e_normal.png","","https://twitter.com/MongoDB","https://x.com/MongoDB","MongoDB","Uncover @Albertsons' (not so secret) ingredient for instant discounts: MongoDB Atlas Search. 🛒 Get the freshest insights in our latest blog. https://t.co/M4RteZzFRR","9"
,,,,"false","https://pbs.twimg.com/profile_banners/22908286/1718356645","#Denodo is the leader in #datamanagement – providing unmatched performance, unified access to the range of enterprise, #bigdata, #cloud and unstructured sources",,,,,,,,,,,,"0","23","https://t.co/h4ZXcpvYmR","10969","5625","6041","22908286","false","true","Palo Alto, CA","10225","Denodo","https://pbs.twimg.com/profile_images/1369575102522793985/6jQgl3TY_normal.jpg","","https://twitter.com/denodo","https://x.com/denodo","denodo","We are excited to share that #Denodo, a leader in #datamanagement, has been included in this year’s #DBTA100 list of companies that matter most in data by @dbtrends. Read the perspective by Paul Moxon, our SVP, Data Architecture and Chief Evangelist, here! https://t.co/BtK21HbCtG","1"
,,,,"false","https://pbs.twimg.com/profile_banners/17838200/1668723709","Natively integrated, highly efficient cyber protection",,,,,,,,,,,,"0","23","https://t.co/WZqpH1oF6X","15149","97811","9085","17838200","false","false","Schaffhausen, Switzerland","8959","Acronis","https://pbs.twimg.com/profile_images/784455300103475200/eTOjJf7I_normal.jpg","","https://twitter.com/Acronis","https://x.com/Acronis","Acronis","⚾️ Swinging for a home run with @CincinnatiReds in our latest #TeamUp partnership! 

Together with 4BIS, an expert leading provider of Outsourced IT Services, we'll be delivering comprehensive cyberprotection for Cincinnati Reds. 

Learn more about this partnership ➡️

#CyberFit https://t.co/cci4y4rxos","1"
,,,,"true","https://pbs.twimg.com/profile_banners/500573974/1628006337","Enrich your stories with charts, maps, and tables. Questions? Write us: support@datawrapper.de | We're hiring: https://t.co/N0ZiEdv887 | https://t.co/G3MLW5LZEE","datawrapper.de/careers","http://datawrapper.de/careers","134","https://t.co/N0ZiEdv887","datawrapper.de/contact","160","https://t.co/G3MLW5LZEE",,,,,"0","23","https://t.co/VxvHiosgJl","6584","27025","660","500573974","false","true","Berlin, Germany","739","Datawrapper","https://pbs.twimg.com/profile_images/1422595697619185664/uO6c-Gpw_normal.jpg","","https://twitter.com/Datawrapper","https://x.com/Datawrapper","Datawrapper","📣 Curious about our next book club? Wonder no more! 

📆 On Monday, July 22nd at 4 p.m. UTC we'll be discussing Chart Spark by @AlliTorban on this notepad: https://t.co/MqQuoQ0iYG .

Find all the information for this upcoming session 👇 
https://t.co/mpLUAKTrh3","11"
,,,,"true","https://pbs.twimg.com/profile_banners/733024864353845250/1646661307","An easy-to-use tool for beautiful data visualization and storytelling. 
Browse our resources: https://t.co/11sPjhQUzR 📊✨","help.flourish.studio","http://help.flourish.studio","117","https://t.co/11sPjhQUzR",,,,,,,,"0","23","https://t.co/I1D7LDlCsJ","1641","16771","1513","733024864353845250","false","true","London","803","Flourish","https://pbs.twimg.com/profile_images/927560296721453059/NwEYJgOE_normal.jpg","","https://twitter.com/f_l_o_u_r_i_s_h","https://x.com/f_l_o_u_r_i_s_h","f_l_o_u_r_i_s_h","We’re thrilled to be a part of #LondonDataWeek2024 

Join us for ""Data Storytelling: Shaping our work, life, and our city"" on July 3rd hosted by Flourish (part of Canva)

📅 When: July 3rd, 3pm 
📍Where: Canva Campus, Hoxton Square, London

Register now: https://t.co/cFdWkNqtvE","2"
,,,,"false","https://pbs.twimg.com/profile_banners/16689804/1641485639","Working to make a free, world-class education available for anyone, anywhere.🚀✨ Teachers: follow us @TeachWithKhan! Parents of littles: follow @KhanAcademyKids",,,,,,,,,,,,"0","23","https://t.co/5OEMkbZOIF","15458","788658","651","16689804","false","false","Mountain View, CA","1539","Khan Academy","https://pbs.twimg.com/profile_images/1410963999630499847/1u5DbZJm_normal.jpg","","https://twitter.com/khanacademy","https://x.com/khanacademy","khanacademy","🚨 Giveaway Alert! 🚨

Teachers, join our giveaway to win a $100 Starbucks gift card to fuel your financial literacy prep! 🎉 Like this tweet & tag a teacher friend in the comments. Each tag = 1 entry! 

Giveaway ends on June 30th. Good luck! 

P.S. see terms and conditions here: https://t.co/UgE1rsVLRD

Check out our Teacher Toolkit for more resources: https://t.co/tYbdmxDobs","184"
,,,,"false","https://pbs.twimg.com/profile_banners/22642788/1494338667","Nonpartisan, nonadvocacy data and analysis. Follow us on Instagram, Facebook and LinkedIn or subscribe to our newsletters: https://t.co/tawtYBr8Ef ✉️","pewresearch.org/follow-us/","http://pewresearch.org/follow-us/","146","https://t.co/tawtYBr8Ef",,,,,,,,"0","23","https://t.co/MXOqG3wFdJ","1281","438403","83","22642788","false","true","Washington, DC","41531","Pew Research Center","https://pbs.twimg.com/profile_images/879728447026868228/U4Uzpdp6_normal.jpg","","https://twitter.com/pewresearch","https://x.com/pewresearch","pewresearch","72% of high school teachers say that students being distracted by cellphones is a major problem in their classroom, compared with 33% of middle school teachers and 6% of elementary school teachers. https://t.co/BX4kVX3sLD https://t.co/YE2cJxvYGL","44"
,,,,"false","https://pbs.twimg.com/profile_banners/19036251/1470413654","Job Board Doctor: Job board & recruiting site consultant. I make job boards & recruiting sites perform better!",,,,,,,,,,,,"0","23","https://t.co/63H2gBcdPb","2322","6114","998","19036251","false","false","Iowa","95","Jeff Dickey-Chasins","https://pbs.twimg.com/profile_images/2582938515/95zu7o0djztdc9th4g5y_normal.jpeg","","https://twitter.com/JobBoardDoctor","https://x.com/JobBoardDoctor","JobBoardDoctor","Gender diversity momentum stalls across U.S. corporate boards on Russell 3000 https://t.co/ndYgzFQrwb","0"
